Chromosome,Gene_Id,Description,Mutation,Anotation
Pf3D7_04_v3,PF3D7_0417200,dhfr ,N51I,Pyrimethamine resistance
Pf3D7_04_v3,PF3D7_0417200,dhfr ,C59R,Pyrimethamine resistance
Pf3D7_04_v3,PF3D7_0417200,dhfr ,C59Y,Pyrimethamine resistance
Pf3D7_04_v3,PF3D7_0417200,dhfr ,S108N,Pyrimethamine resistance
Pf3D7_04_v3,PF3D7_0417200,dhfr ,S108T,Pyrimethamine resistance
Pf3D7_04_v3,PF3D7_0417200,dhfr ,I164L,Pyrimethamine resistance
Pf3D7_05_v3,PF3D7_0523000,mdr1 ,N86Y,Amodiaquine and Chloroquine resistance
Pf3D7_05_v3,PF3D7_0523000,mdr1 ,Y184F,Lumefantrine and Mefloquine resistance
Pf3D7_05_v3,PF3D7_0523000,mdr1 ,D1246Y,Chloroquine resistance
Pf3D7_08_v3,PF3D7_0810800,dhps ,S436A,Sulfadoxine resistance
Pf3D7_08_v3,PF3D7_0810800,dhps ,S436Y,Sulfadoxine resistance
Pf3D7_08_v3,PF3D7_0810800,dhps ,S436F,Sulfadoxine resistance
Pf3D7_08_v3,PF3D7_0810800,dhps ,S436G,Sulfadoxine resistance
Pf3D7_08_v3,PF3D7_0810800,dhps ,A437G,Sulfadoxine resistance
Pf3D7_08_v3,PF3D7_0810800,dhps ,K540E,Sulfadoxine resistance
Pf3D7_08_v3,PF3D7_0810800,dhps ,K540N,Sulfadoxine resistance
Pf3D7_08_v3,PF3D7_0810800,dhps ,A581G,Sulfadoxine resistance
Pf3D7_08_v3,PF3D7_0810800,dhps ,A613S,Sulfadoxine resistance
Pf3D7_08_v3,PF3D7_0810800,dhps ,A613T,Sulfadoxine resistance
Pf3D7_14_v3,PF3D7_1447900,mdr2 ,T484I,Linked to K13 C580Y mutation
Pf3D7_14_v3,PF3D7_1447900,mdr2 ,F423Y,Pyrimethamine resistance
Pf3D7_13_v3,PF3D7_1343700,Kelch13,C580Y,Artemisinine resistance
Pf3D7_13_v3,PF3D7_1343700,Kelch13,Y493H,Artemisinine resistance
Pf3D7_13_v3,PF3D7_1343700,Kelch13,R539T,Artemisinine resistance
Pf3D7_13_v3,PF3D7_1343700,Kelch13,I543T,Artemisinine resistance
Pf3D7_13_v3,PF3D7_1343700,Kelch13,R561H,Artemisinine resistance
Pf3D7_13_v3,PF3D7_1343700,Kelch13,M476I,Delayed clerance in vivo
Pf3D7_13_v3,PF3D7_1343700,Kelch13,P441L,Delayed clerance in vivo
Pf3D7_13_v3,PF3D7_1343700,Kelch13,F446I,Delayed clerance in vivo
Pf3D7_13_v3,PF3D7_1343700,Kelch13,S449A,Delayed clerance in vivo
Pf3D7_13_v3,PF3D7_1343700,Kelch13,N458Y,Delayed clerance in vivo
Pf3D7_13_v3,PF3D7_1343700,Kelch13,P553L,Delayed clerance in vivo
Pf3D7_13_v3,PF3D7_1343700,Kelch13,V568G,Delayed clerance in vivo
Pf3D7_13_v3,PF3D7_1343700,Kelch13,P574L,Delayed clerance in vivo
Pf3D7_13_v3,PF3D7_1343700,Kelch13,L675V,Delayed clerance in vivo