Sample_id,PF3D7_0103600,PF3D7_0104100_1,PSOP24,PF3D7_0207300,PfSERA3,PfSERA2_1,PF3D7_0211700,PF3D7_0212800,PF3D7_0217200,PF3D7_0220800,PfCSP_1,PF3D7_0311900,B9,PF3D7_0401900,ASP,Pfs16,PF3D7_0411900_1,PF3D7_0411900_2,PfDHFR_1,PfDHFR_2,PF3D7_0419900_2,PF3D7_0422500,PF3D7_0424400,PF3D7_0501800,PF3D7_0503200,PF3D7_0504400,P38,PF3D7_0508900,PF3D7_0519300,PfMDR1_1,PfMDR1_2,PfMDR1_3,PfMDR1_4,PF3D7_0525100,PF3D7_0612900,PF3D7_0615900,MSP10,CS,PF3D7_0630600,RAMA,PF3D7_0710400,PF3D7_0711500,PF3D7_0716300,PF3D7_0724700,PF3D7_0728200,PF3D7_0729700,PF3D7_0802000,PF3D7_0806200,PF3D7_0806300,PF3D7_0807800,PF3D7_0809400,PfDHPS_2,PfDHPS_1,PF3D7_0827100,GAMA,PF3D7_0830800_1,PF3D7_0830800_2,RhopH3,PF3D7_0905600,PF3D7_0910000,PF3D7_0935400,PF3D7_1007900,PF3D7_1008700,PF10_0119,PF3D7_1018600,PF3D7_1022000,PF3D7_1034900_1,PF3D7_1035100,PF3D7_1035700,MSP11.H103.MSP3.7,PF3D7_1110200,PF3D7_1114900,PF3D7_1125700,PF3D7_1126100_1,PF3D7_1126100_2,PF3D7_1129100,PfAMA_1,PF11_0373,PF3D7_1145400,PF3D7_1148700_1,PF3D7_1211900,GRP94,PF3D7_1224000,PF3D7_1233600,PF3D7_1239800_1,PF3D7_1246500,PF3D7_1250100,PF3D7_1250400,PF3D7_1252100,PF3D7_1302700,PF3D7_1302900,MAL13P1.50,PF3D7_1320700,PF13_0125,PF3D7_1322200,PF3D7_1329100,PF3D7_1332900,PF3D7_1333200,MSRP4,MSRP3,PfTRAP_1,PF3D7_1340400,PfKelch13C580Y,PF3D7_1346400,PF3D7_1352900,PF3D7_1353100,PF3D7_1354200,PF3D7_1407800,PF3D7_1407900,PF3D7_1408000,PF3D7_1408100_1,PF3D7_1409700,PF3D7_1410300,PF3D7_1418100,Pf113,PF3D7_1429500,PF3D7_1429800,PF3D7_1447900,PF3D7_1448500,GEST,PF3D7_1455300,PF3D7_1464700,PF3D7_1466200,PF3D7_1466800,PF3D7_1469600,PF3D7_1472300,PF3D7_1473700,PF3D7_1475900,PvDHFR
A017_S127_MiSeq_AMPLseq_Gates_020_021,70I=CATAATA83G247T:86,NA,.:28,NA,NA,NA,99D=AATATTCATCATGAAAAGGTTTATCATGAA:45,NA,NA,143T:15,NA,NA,212A:13,2T95T:49,NA,.:132,.:128,NA,NA,NA,NA,123T:14,NA,227G:96,NA,.:15,NA,NA,NA,NA,NA,3T4C27G:13,NA,NA,NA,NA,NA,NA,19A76T:37,.:66,NA,NA,.:26,NA,.:57,.:16,NA,63A135T186C:40,NA,.:120,NA,NA,NA,159C:39,62T:60,NA,NA,NA,NA,.:34,NA,NA,.:33,NA,NA,NA,NA,NA,NA,NA,35T69C112C137A:12,.:21,NA,202C:28,.:34,NA,NA,.:20,NA,NA,NA,.:20,NA,NA,.:88,NA,NA,NA,NA,NA,NA,.:33,NA,.:668,NA,NA,NA,NA,.:13,NA,NA,183C:13,NA,NA,NA,66C215A:25,NA,.:12,NA,NA,.:334,NA,NA,96C:64,.:41,88A180A:23,.:17,112C:86,NA,53A:13,93G229G:50,NA,NA,NA,NA,199G:56,NA,NA,NA
DD2-pos1_S72_MiSeq_AMPLseq_Gates_020_021,.:237,.:112,.:4899,23T122A:287,111A:144,84A93T193C:2340,99D=AATATTCATCATGAAAAGGTTTATCATGAA:2566,96A:23,118D=ATTATTA178D=A:99,78C:2168,84T203C214G217C264T:169,84T133T135G171G198A199C234G:37,212A:1654,NA,.:52,148T164A:2972,206A:834,146T:719,128T:4602,2A:1767,.:3687,123T:677,129A:56,.:736,63T66A132C:214,76A:2143,21T:115,1C57C:251,.:1363,47T48T:106,.:113,.:1977,.:61,80A251T:324,167G215T:1520,237T:352,164G:1476,112G:384,.:2301,134A:2426,9G116A:106,234A:21,134G:901,1C:372,.:714,73C80T92A188T:227,160C:219,63A135T186C:3255,11G:865,.:1532,187T:196,9T:171,226T:602,203T228C:7568,.:996,11C:62,138A:19,214A:57,.:190,174G:2191,93A149A:292,.:240,.:2816,.:522,127D=TTA:755,.:514,66C:27,34G160A168A183G243G:434,1T54G151G:837,.:803,.:129,259A:4432,55I=AATAA:36,202C268G:76,77T:154,.:123,107A139T147T164G167G:376,156C166G:2873,.:1056,25C219G:15,.:666,.:143,.:77,.:80,54G:307,30A:197,57T:61,.:54,146T:1325,111G261C:286,128C146C:968,.:1001,35G185A:24,21A:2093,.:13,.:397,.:49,.:32,.:520,.:159,51C100A112C118A262G:2783,183C:1579,.:1718,186C:114,242T252G:225,66C215A237T:618,.:398,.:490,.:124,.:792,.:1886,84G:185,79A82A:303,96C:3720,.:642,180A:2013,.:526,135A:125,164T:1452,43C53A:368,93G:3074,106G:334,1C49A:91,.:327,14C27A187A:140,199G:468,111A:1286,31A139C:592,NA
DD2-pos2_S174_MiSeq_AMPLseq_Gates_020_021,.:236,.:212,.:5131,23T122A:354,111A:215,84A93T193C:3665,99D=AATATTCATCATGAAAAGGTTTATCATGAA:3873,96A:27,118D=ATTATTA178D=A:176,78C:4074,84T203C214G217C264T:303,84T133T135G171G198A199C234G:61,212A:1852,NA,.:116,148T164A:6183,206A:1046,146T:1323,128T:9111,2A:3282,.:7601,123T:1363,129A:97,.:1322,63T66A132C:329,76A:3622,21T:205,1C57C:231,.:2127,47T48T:186_47T:103,.:238,.:4200,.:92,80A251T:652,167G215T:3121,237T:709,164G:2475,112G:875,.:3704,134A:4386,9G116A:212,234A:28,134G:1967,1C:766,.:1445,73C80T92A188T:330,160C:365,63A135T186C:5251,11G:1698,.:2625,187T:358,9T:479,226T:1257,203T228C:10758,.:1788,11C:126,138A:44,214A:122,.:273,174G:4381,93A149A:635,.:515,.:5588,.:750,127D=TTA:983,.:1041,66C:56,34G160A168A183G243G:490,1T54G151G:1370,.:1246,.:247,259A:4086,55I=AATAA:44,202C268G:120,77T:306,.:241,107A139T147T164G167G:770,156C166G:3965,.:2048,25C219G:49,.:1446,.:431,.:110,.:171,54G:431,30A:325,57T:108,.:83,146T:2593,111G261C:341,128C146C:1677,.:2033,35G185A:51,21A:3882,.:14,.:810,.:70,.:63,.:876,.:276,51C100A112C118A262G:3482,183C:3381,.:3802,186C:228,242T252G:384,66C215A237T:1182,.:484,.:991,.:263,.:1493,.:4496,84G:283,79A82A:546,96C:6399,.:951,180A:2894,.:900,135A:176,164T:2358,43C53A:544,93G:5607,106G:750,1C49A:138,.:542,14C27A187A:180,199G:575,111A:2622,31A139C:877,NA
EXTR-neg1_S87_MiSeq_AMPLseq_Gates_020_021,NA,NA,NA,NA,NA,NA,NA,NA,NA,NA,NA,NA,NA,NA,NA,NA,NA,NA,NA,NA,NA,NA,NA,NA,NA,NA,NA,NA,NA,NA,NA,NA,NA,NA,NA,NA,NA,NA,NA,NA,NA,NA,NA,NA,NA,NA,NA,NA,NA,NA,NA,NA,NA,NA,NA,NA,NA,NA,NA,NA,NA,.:23,NA,NA,NA,NA,NA,NA,NA,NA,NA,NA,NA,NA,NA,NA,NA,NA,.:269,NA,NA,NA,NA,NA,NA,NA,NA,NA,NA,NA,NA,NA,NA,NA,NA,NA,NA,NA,NA,NA,NA,NA,NA,NA,NA,66C215A:129,NA,NA,NA,NA,NA,NA,NA,NA,NA,NA,NA,NA,NA,NA,NA,NA,NA,NA,NA,199G:598,NA,NA,NA
EXTR-neg2_S106_MiSeq_AMPLseq_Gates_020_021,NA,NA,NA,NA,NA,NA,NA,NA,NA,NA,NA,NA,NA,NA,NA,NA,NA,NA,NA,NA,NA,NA,NA,NA,NA,NA,NA,NA,NA,NA,NA,NA,NA,NA,NA,NA,NA,NA,NA,NA,NA,NA,NA,NA,NA,NA,NA,NA,NA,NA,NA,NA,NA,NA,NA,NA,NA,NA,NA,NA,NA,NA,NA,NA,NA,NA,NA,NA,NA,NA,NA,NA,NA,NA,NA,NA,NA,NA,NA,NA,NA,NA,NA,NA,NA,NA,NA,NA,NA,NA,NA,NA,NA,NA,NA,NA,NA,NA,NA,NA,NA,NA,NA,NA,NA,NA,NA,NA,NA,NA,NA,NA,NA,NA,NA,NA,NA,NA,NA,NA,NA,NA,NA,NA,NA,NA,NA,NA,NA
sWGA-neg1_S31_MiSeq_AMPLseq_Gates_020_021,NA,NA,NA,NA,NA,NA,NA,NA,NA,NA,NA,NA,NA,NA,NA,NA,NA,NA,NA,NA,NA,NA,NA,NA,NA,NA,NA,NA,NA,NA,NA,NA,NA,NA,NA,NA,NA,NA,NA,NA,NA,NA,NA,NA,NA,NA,NA,NA,NA,NA,NA,NA,NA,NA,NA,NA,NA,NA,NA,NA,NA,NA,NA,NA,NA,NA,NA,NA,NA,NA,NA,NA,NA,NA,NA,NA,NA,NA,NA,NA,NA,NA,NA,NA,NA,NA,NA,NA,NA,NA,NA,NA,NA,NA,NA,NA,NA,NA,NA,NA,NA,NA,NA,NA,NA,NA,NA,NA,NA,NA,NA,NA,NA,NA,NA,NA,NA,NA,NA,NA,NA,NA,NA,NA,NA,NA,NA,NA,NA
sWGA-neg3_S138_MiSeq_AMPLseq_Gates_020_021,NA,NA,NA,NA,NA,NA,NA,NA,NA,NA,NA,NA,212A216G:25,NA,NA,NA,NA,NA,NA,NA,NA,NA,NA,NA,NA,NA,NA,NA,NA,NA,NA,NA,NA,NA,NA,NA,NA,NA,NA,NA,NA,NA,NA,NA,NA,NA,NA,NA,NA,NA,NA,NA,NA,NA,NA,NA,NA,NA,NA,NA,NA,NA,NA,.:18,NA,NA,NA,NA,NA,.:84,NA,NA,NA,NA,NA,NA,NA,NA,NA,NA,NA,NA,NA,NA,NA,NA,NA,NA,NA,NA,NA,NA,NA,NA,NA,NA,NA,NA,NA,NA,NA,NA,NA,NA,NA,NA,NA,NA,NA,NA,NA,NA,NA,NA,NA,NA,NA,NA,NA,NA,NA,NA,NA,.:410,NA,NA,NA,NA,NA
sWGA-neg4_S162_MiSeq_AMPLseq_Gates_020_021,NA,NA,NA,NA,NA,NA,NA,NA,NA,NA,NA,NA,NA,NA,NA,NA,NA,NA,NA,NA,NA,NA,NA,NA,NA,NA,NA,NA,NA,NA,NA,NA,NA,NA,NA,NA,NA,NA,NA,NA,NA,NA,NA,NA,NA,NA,NA,NA,NA,NA,NA,NA,NA,NA,NA,NA,NA,NA,NA,NA,NA,NA,NA,NA,NA,NA,66C:37,34G63G69A168A183G243G:386,NA,NA,NA,NA,NA,NA,NA,NA,NA,NA,NA,NA,NA,NA,NA,NA,NA,NA,NA,NA,NA,NA,NA,NA,NA,NA,NA,NA,NA,NA,NA,NA,NA,NA,NA,NA,NA,NA,NA,NA,NA,NA,NA,NA,NA,96C126G:299,NA,NA,NA,NA,NA,NA,NA,NA,NA,NA,NA,NA,NA,NA,NA
sWGA-neg2_S32_MiSeq_AMPLseq_Gates_020_021,NA,NA,NA,NA,NA,NA,NA,NA,NA,NA,NA,NA,NA,NA,NA,NA,NA,NA,NA,NA,NA,NA,NA,NA,NA,NA,NA,NA,NA,NA,NA,NA,NA,NA,NA,NA,NA,NA,NA,NA,NA,NA,NA,NA,NA,NA,NA,NA,NA,NA,NA,NA,NA,NA,NA,NA,NA,NA,NA,NA,NA,NA,NA,NA,NA,NA,NA,NA,NA,NA,NA,NA,NA,NA,NA,NA,NA,NA,NA,NA,NA,NA,NA,NA,NA,NA,NA,NA,NA,NA,NA,NA,NA,NA,NA,NA,NA,NA,NA,NA,NA,NA,NA,NA,NA,NA,NA,NA,NA,NA,NA,NA,NA,NA,NA,NA,NA,NA,NA,NA,NA,NA,NA,NA,NA,NA,NA,NA,NA
Dd2-pos1_S64_MiSeq_AMPLseq_Gates_035_037,.:96,.:119,.:2314,23T122A:98,111A:26,84A93T193C:1091,99D=AATATTCATCATGAAAAGGTTTATCATGAA:929,NA,118D=ATTATTA178D=A:51,78C:669,84T203C214G217C264T:32,84T133T135G171G198A199C234G:31,212A:853,NA,.:20,148T164A:975,206A:469,146T:303,128T:985,2A:488,.:1477,123T:253,129A:29,.:479,63T66A132C:129,76A:921,21T:46,1C57C:62,.:447,47T48T:85_47T:69,.:124,.:3655,.:134,80A251T:305,167G215T:956,237T:244,164G:377,112G:160,.:935,134A:752,9G116A:64,234A:23,134G:525,1C:166,.:277,73C80T92A188T:85,160C:122,63A135T186C:1512,11G:367,.:779,187T:79,9T:124,226T:26,203T228C:2163,.:390,11C:24,NA,NA,.:20,174G:999,93A149A:302,.:131,.:576,.:340,127D=TTA:46,.:57,NA,34G160A168A183G243G:187,1T54G151G:197,.:314,.:83,259A:125,55I=AATAA:36,202C268G:86,77T:34,.:60,107A139T147T164G167G:219,156C166G:852,.:418,NA,.:447,.:34,.:61,.:47,54G:97,30A:118,57T:23,.:27,146T:664,111G261C:106,128C146C:516,.:198,35G185A:11,21A:1707,NA,.:261,.:66,.:27,.:783,.:172,51C100A112C118A262G:1587,183C:310,.:344,186C:59,242T252G:132,66C215A237T:239,.:192,.:393,.:84,.:326,.:906,84G:85,79A82A:109,96C:329,.:210,180A:493,.:137,135A:32,164T:455,43C53A:254,93G:1835,106G:174,NA,.:123,14C27A187A:67,199G:283,111A:1103,31A139C:120,NA
Dd2-pos2_S155_MiSeq_AMPLseq_Gates_035_037,.:103,.:217,.:3918,23T122A:134,111A:60,84A93T193C:2305,99D=AATATTCATCATGAAAAGGTTTATCATGAA:1753,96A:14,118D=ATTATTA178D=A:56,78C:1221,84T203C214G217C264T:94,84T133T135G171G198A199C234G:33,212A:1649,NA,.:55,148T164A:1477,206A:898,146T:849,128T:1847,2A:922,.:3370,123T:472,129A:53,.:973,63T66A132C:315,76A:1509,21T:96,1C57C:128,.:856,47T48T:134_47T:95,.:259,.:7922,.:237,80A251T:604,167G215T:1655,237T:560,164G:882,112G:308,.:1744,134A:1717,9G116A:106,234A:38,134G:1031,1C:488,.:622,73C80T92A188T:127,160C:460,63A135T186C:3152,11G:1005,.:1822,187T:183,9T:488,226T:92,203T228C:6650,.:1017,11C:37,NA,214A:32,.:36,174G:2828,93A149A:657,.:214,.:1193,.:442,127D=TTA:119,.:204,66C:18,34G160A168A183G243G:420,1T54G151G:369,.:516,.:208,259A:290,55I=AATAA:11,202C268G:146,77T:67,.:102,107A139T147T164G167G:486,156C166G:1704,.:770,25C219G:19,.:1083,.:71,.:86,.:147,54G:286,30A:190,57T:62,.:79,146T:1676,111G261C:254,128C146C:959_1G128C146C:126,.:302,35G185A:30,21A:2492,NA,.:642,.:63,.:28,.:1495,.:283,51C100A112C118A262G:2803,183C:805,.:782,186C:163,242T252G:288,66C215A237T:449,.:367,.:639,.:143,.:697,.:2187,84G:124,79A82A:353,96C:959,.:417,180A:1015,.:402,135A:113,164T:1571,43C53A:426,93G:3221,106G:435,1C49A:20,.:252,14C27A187A:173,199G:328,111A:2886,31A139C:222,NA
EXTR-neg2_S110_MiSeq_AMPLseq_Gates_035_037,NA,NA,NA,NA,NA,NA,NA,NA,NA,NA,NA,NA,NA,NA,NA,NA,NA,NA,NA,NA,NA,NA,NA,NA,NA,NA,NA,NA,NA,NA,NA,NA,NA,NA,NA,NA,NA,NA,NA,NA,NA,NA,NA,NA,NA,NA,NA,NA,NA,NA,NA,NA,NA,NA,NA,NA,NA,NA,NA,NA,NA,NA,NA,NA,NA,NA,NA,NA,NA,NA,NA,NA,NA,NA,NA,NA,NA,NA,NA,NA,NA,NA,NA,NA,NA,NA,NA,NA,NA,NA,NA,NA,NA,NA,NA,NA,NA,NA,NA,NA,NA,NA,NA,NA,NA,NA,NA,NA,NA,NA,NA,NA,NA,NA,NA,NA,NA,NA,NA,NA,NA,NA,NA,NA,NA,NA,NA,NA,NA
AMPL-neg2_S86_MiSeq_AMPLseq_Gates_035_037,NA,NA,NA,NA,NA,NA,NA,NA,NA,NA,NA,NA,NA,NA,NA,NA,NA,NA,NA,NA,NA,NA,NA,NA,NA,NA,NA,NA,NA,NA,NA,NA,NA,NA,NA,NA,NA,NA,NA,NA,NA,NA,NA,NA,NA,NA,NA,NA,NA,NA,NA,NA,NA,NA,NA,NA,NA,NA,NA,NA,NA,NA,NA,NA,NA,NA,NA,NA,NA,NA,NA,NA,NA,NA,NA,NA,NA,NA,NA,NA,NA,NA,NA,NA,NA,NA,NA,NA,NA,NA,NA,NA,NA,NA,NA,NA,NA,NA,NA,NA,NA,NA,NA,NA,NA,NA,NA,NA,NA,NA,NA,NA,NA,NA,NA,NA,NA,NA,NA,NA,NA,NA,NA,NA,NA,NA,NA,NA,NA
AMPL-neg3_S138_MiSeq_AMPLseq_Gates_035_037,NA,NA,NA,NA,NA,NA,NA,NA,NA,NA,NA,NA,NA,NA,NA,NA,NA,NA,NA,NA,NA,NA,NA,NA,NA,NA,NA,NA,NA,NA,NA,NA,NA,NA,NA,NA,NA,NA,NA,NA,NA,NA,NA,NA,NA,NA,NA,NA,NA,NA,NA,NA,NA,NA,NA,NA,NA,NA,NA,NA,NA,NA,NA,NA,NA,NA,NA,NA,NA,NA,NA,NA,NA,NA,NA,NA,NA,NA,NA,NA,NA,NA,NA,NA,NA,NA,NA,NA,NA,NA,NA,NA,NA,NA,NA,NA,NA,NA,NA,NA,NA,NA,NA,NA,NA,NA,NA,NA,NA,NA,NA,NA,NA,NA,NA,NA,NA,NA,NA,NA,NA,NA,NA,NA,NA,NA,NA,NA,NA
AMPL-neg1_S41_MiSeq_AMPLseq_Gates_035_037,NA,NA,NA,NA,NA,NA,NA,NA,NA,NA,NA,NA,NA,NA,NA,NA,NA,NA,NA,NA,NA,NA,NA,NA,NA,NA,NA,NA,NA,NA,NA,NA,NA,NA,NA,NA,NA,NA,NA,NA,NA,NA,NA,NA,NA,NA,NA,NA,NA,NA,NA,NA,NA,NA,NA,NA,NA,NA,NA,NA,NA,NA,NA,NA,NA,NA,NA,NA,NA,NA,NA,NA,NA,NA,NA,NA,NA,NA,NA,NA,NA,NA,NA,NA,NA,NA,NA,NA,NA,NA,NA,NA,NA,NA,NA,NA,NA,NA,NA,NA,NA,NA,NA,NA,NA,NA,NA,NA,NA,NA,NA,NA,NA,NA,NA,NA,NA,NA,NA,NA,NA,NA,NA,NA,NA,NA,NA,NA,NA
EXTR-neg1_S14_MiSeq_AMPLseq_Gates_035_037,NA,NA,NA,NA,NA,NA,NA,NA,NA,NA,NA,NA,NA,NA,NA,NA,NA,NA,NA,NA,NA,NA,NA,NA,NA,NA,NA,NA,NA,NA,NA,NA,NA,NA,NA,NA,NA,NA,NA,NA,NA,NA,NA,NA,NA,NA,NA,NA,NA,NA,NA,NA,NA,NA,NA,NA,NA,NA,NA,NA,NA,NA,NA,NA,NA,NA,NA,NA,NA,NA,NA,NA,NA,NA,NA,NA,NA,NA,NA,NA,NA,NA,NA,NA,NA,NA,NA,NA,NA,NA,NA,NA,NA,NA,NA,NA,NA,NA,NA,NA,NA,NA,NA,NA,NA,NA,NA,NA,NA,NA,NA,NA,NA,NA,NA,NA,NA,NA,NA,NA,NA,NA,NA,NA,NA,NA,NA,NA,NA
AMPL-neg4_S170_MiSeq_AMPLseq_Gates_035_037,NA,NA,NA,NA,NA,NA,NA,NA,NA,NA,NA,NA,NA,NA,NA,NA,NA,NA,NA,NA,NA,NA,NA,NA,NA,NA,NA,NA,NA,NA,NA,NA,NA,NA,NA,NA,NA,NA,NA,NA,NA,NA,NA,NA,NA,NA,NA,NA,NA,NA,NA,NA,NA,NA,NA,NA,NA,NA,NA,NA,NA,NA,NA,NA,NA,NA,NA,NA,NA,NA,NA,NA,NA,NA,NA,NA,NA,NA,NA,NA,NA,NA,NA,NA,NA,NA,NA,NA,NA,NA,NA,NA,NA,NA,NA,NA,NA,NA,NA,NA,NA,NA,NA,NA,NA,NA,NA,NA,NA,NA,NA,NA,NA,NA,NA,NA,NA,NA,NA,NA,NA,NA,NA,NA,NA,NA,NA,NA,NA
Dd2-pos1_S64_MiSeq_AMPLseq_Gates_036_038_REDO2,.:96,.:156,.:2290,23T122A:154,111A:29,84A93T193C:1111,99D=AATATTCATCATGAAAAGGTTTATCATGAA:1465,96A:11,118D=ATTATTA178D=A:78,78C:620,84T203C214G217C264T:35,84T133T135G171G198A199C234G:21,212A:1409,NA,.:23,148T164A:1506,206A:622,146T:349,128T:1188,2A:434,.:2086,123T:266,129A:29,.:502,63T66A132C:155,76A:1254,21T:42,1C57C:97,.:525,47T48T:99,.:53,.:1303,.:88,80A251T:319,167G215T:1076,237T:322,164G:331,112G:191,.:1160,134A:982,9G116A:79,234A:26,134G:649,1C:199,.:279,73C80T92A188T:105,160C:231,63A135T186C:2503,11G:579,.:1184,187T:130,9T:52,226T:54,203T228C:2926,.:516,11C:41,138A:16,214A:20,.:14,174G:1649,93A149A:430,.:181,.:1090,.:477,127D=TTA:58,.:82,NA,34G160A168A183G243G:195,1T54G151G:264,.:330,.:145,259A:192,55I=AATAA:54,202C268G:103,77T:35,.:53,107A139T147T164G167G:286,156C166G:1052,.:451,NA,.:438,.:34,.:74,.:98,54G:187,30A:147,57T:24,.:52,146T:839,111G261C:138,128C146C:806,.:223,35G185A:12,21A:2031,NA,.:396,.:53,.:15,.:711,.:211,51C100A112C118A262G:1369,183C:429,.:504,186C:74,242T252G:110,66C215A237T:276,.:202,.:518,.:73,.:485,.:1342,84G:85,79A82A:109,96C:527,.:313,180A:763,.:186,135A:53,164T:401,43C53A:277,93G:2389,106G:264,NA,.:119,14C27A187A:78,199G:398,111A:1394,31A139C:137,NA
Dd2-pos2_S155_MiSeq_AMPLseq_Gates_036_038_REDO2,NA,NA,.:73,NA,NA,84A93T193C:37,99D=AATATTCATCATGAAAAGGTTTATCATGAA:33,NA,NA,NA,NA,NA,212A:91,NA,NA,148T164A:87,206A:21,NA,128T:60,2A:14,NA,123T:16,NA,.:29,NA,76A:65,NA,NA,NA,NA,NA,.:22,NA,NA,167G215T:13,NA,NA,NA,.:62,NA,NA,NA,134G:25,NA,.:15,NA,NA,63A135T186C:33,NA,.:165,NA,NA,NA,203T228C:174,.:21,NA,NA,NA,NA,174G:33,NA,NA,.:17,.:74,NA,NA,NA,34G160A168A183G243G:11,NA,.:16,NA,NA,NA,202C268G:11,NA,NA,NA,156C166G:25,NA,NA,NA,NA,NA,NA,NA,NA,NA,NA,NA,NA,NA,.:15,NA,21A:70,NA,NA,NA,NA,.:69,NA,51C100A112C118A262G:24,183C:17,NA,NA,NA,NA,NA,NA,NA,.:11,.:15,NA,NA,NA,NA,180A:70,NA,NA,NA,NA,NA,NA,NA,NA,NA,199G:19,NA,NA,NA
AMPL-neg1_S43_MiSeq_AMPLseq_Gates_036_038_REDO2,NA,NA,NA,NA,NA,NA,NA,NA,NA,NA,NA,NA,NA,NA,NA,NA,NA,NA,NA,NA,NA,NA,NA,NA,NA,NA,NA,NA,NA,NA,NA,NA,NA,NA,NA,NA,NA,NA,NA,NA,NA,NA,NA,NA,NA,NA,NA,NA,NA,NA,NA,NA,NA,NA,NA,NA,NA,NA,NA,NA,NA,NA,NA,NA,NA,NA,NA,NA,NA,NA,NA,NA,NA,NA,NA,NA,NA,NA,NA,NA,NA,NA,NA,NA,NA,NA,NA,NA,NA,NA,NA,NA,NA,NA,NA,NA,NA,NA,NA,NA,NA,NA,NA,NA,NA,NA,NA,NA,NA,NA,NA,NA,NA,NA,NA,NA,NA,NA,NA,NA,NA,NA,NA,NA,NA,NA,NA,NA,NA
AMPL-neg3_S138_MiSeq_AMPLseq_Gates_036_038_REDO2,NA,NA,NA,NA,NA,NA,NA,NA,NA,NA,NA,NA,NA,NA,NA,NA,NA,NA,NA,NA,NA,NA,NA,NA,NA,NA,NA,NA,NA,NA,NA,NA,NA,NA,NA,NA,NA,NA,NA,NA,NA,NA,NA,NA,NA,NA,NA,NA,NA,NA,NA,NA,NA,NA,NA,NA,NA,NA,NA,NA,NA,NA,NA,NA,NA,NA,NA,NA,NA,NA,NA,NA,NA,NA,NA,NA,NA,NA,NA,NA,NA,NA,NA,NA,NA,NA,NA,NA,NA,NA,NA,NA,NA,NA,NA,NA,NA,NA,NA,NA,NA,NA,NA,NA,NA,NA,NA,NA,NA,NA,NA,NA,NA,NA,NA,NA,NA,NA,NA,NA,NA,NA,NA,NA,NA,NA,NA,NA,NA
EXTR-neg1_S14_MiSeq_AMPLseq_Gates_036_038_REDO2,NA,NA,NA,NA,NA,NA,NA,NA,NA,NA,NA,NA,NA,NA,NA,NA,NA,NA,NA,NA,NA,NA,NA,NA,NA,NA,NA,NA,NA,NA,NA,NA,NA,NA,NA,NA,NA,NA,NA,NA,NA,NA,NA,NA,NA,NA,NA,NA,NA,NA,NA,NA,NA,NA,NA,NA,NA,NA,NA,NA,NA,NA,NA,NA,NA,NA,NA,NA,NA,NA,NA,NA,NA,NA,NA,NA,NA,NA,NA,NA,NA,NA,NA,NA,NA,NA,NA,NA,NA,NA,NA,NA,NA,NA,NA,NA,NA,NA,NA,NA,NA,NA,NA,NA,NA,NA,NA,NA,NA,NA,NA,NA,NA,NA,NA,NA,NA,NA,NA,NA,NA,NA,NA,NA,NA,NA,NA,NA,NA
AMPL-neg4_S177_MiSeq_AMPLseq_Gates_036_038_REDO2,NA,NA,NA,NA,NA,NA,NA,NA,NA,NA,NA,NA,NA,NA,NA,NA,NA,NA,NA,NA,NA,NA,NA,NA,NA,NA,NA,NA,NA,NA,NA,NA,NA,NA,NA,NA,NA,NA,NA,NA,NA,NA,NA,NA,NA,NA,NA,NA,NA,NA,NA,NA,NA,NA,NA,NA,NA,NA,NA,NA,NA,NA,NA,NA,NA,NA,NA,NA,NA,NA,NA,NA,NA,NA,NA,NA,NA,NA,NA,NA,NA,NA,NA,NA,NA,NA,NA,NA,NA,NA,NA,NA,NA,NA,NA,NA,NA,NA,NA,NA,NA,NA,NA,NA,NA,NA,NA,NA,NA,NA,NA,NA,NA,NA,NA,NA,NA,NA,NA,NA,NA,NA,NA,NA,NA,NA,NA,NA,NA
EXTR-neg2_S110_MiSeq_AMPLseq_Gates_036_038_REDO2,NA,NA,NA,NA,NA,NA,NA,NA,NA,NA,NA,NA,NA,NA,NA,NA,NA,NA,NA,NA,NA,NA,NA,NA,NA,NA,NA,NA,NA,NA,NA,NA,NA,NA,NA,NA,NA,NA,NA,NA,NA,NA,NA,NA,NA,NA,NA,NA,NA,NA,NA,NA,NA,NA,NA,NA,NA,NA,NA,NA,NA,NA,NA,NA,NA,NA,NA,NA,NA,NA,NA,NA,NA,NA,NA,NA,NA,NA,NA,NA,NA,NA,NA,NA,NA,NA,NA,NA,NA,NA,NA,NA,NA,NA,NA,NA,NA,NA,NA,NA,NA,NA,NA,NA,NA,NA,NA,NA,NA,NA,NA,NA,NA,NA,NA,NA,NA,NA,NA,NA,NA,NA,NA,NA,NA,NA,NA,NA,NA
Dd2_pos1_S85_MiSeq_AMPLseq_Gates_039_040_REDO2,.:74,.:79,.:3266,23T122A:105,111A:31,84A93T193C:966,99D=AATATTCATCATGAAAAGGTTTATCATGAA:587,NA,118D=ATTATTA178D=A:117,78C:710,84T203C214G217C264T:94,84T133T135G171G198A199C234G:13,212A:1567,NA,.:21,148T164A:876,206A:575,146T:365,128T:584,2A:577,.:942,123T:270,129A:36,.:753,63T66A132C:234,76A:1052,21T:47,1C57C:81,.:344,47T48T:98,.:11,.:80,.:24,80A251T:548,167G215T:499,237T:251,164G:562,112G:54,.:1046,134A:806,9G116A:59,234A:35,134G:861,1C:178,.:329,73C80T92A188T:36,160C:184,63A135T186C:1164,11G:422,.:569,187T:137,NA,226T:53,203T228C:2885,.:677,11C:35,138A:13,214A:24,.:45,174G:3573,93A149A:307,.:173,.:135,.:536,127D=TTA:36,.:88,NA,34G160A168A183G243G:344,1T54G151G:280,.:24,.:214,259A:72,55I=AATAA:11,202C268G:96,77T:35,.:42,107A139T147T164G167G:219,156C166G:406,.:423,NA,.:174,.:19,.:80,.:32,54G:61,30A:134,57T:46,.:69,146T:822,111G261C:191,128C146C:345,.:65,35G185A:19,21A:1074,NA,.:70,.:13,.:27,.:727,.:111,51C100A112C118A262G:1530,183C:199,.:208,186C:75,242T252G:104,66C215A237T:275,.:299,.:179,.:59,.:214,.:734,84G:76,79A82A:129,96C:372,.:284,180A:538,.:113,135A:26,164T:452,43C53A:257,93G:1625,106G:36,NA,.:103,14C27A187A:73,199G:264,111A:1622,31A139C:180,NA
Dd2_pos2_S173_MiSeq_AMPLseq_Gates_039_040_REDO2,.:79,.:94,.:2814,23T122A:155,111A:33,84A93T193C:1067,99D=AATATTCATCATGAAAAGGTTTATCATGAA:961,NA,118D=ATTATTA178D=A:81,78C:812,84T203C214G217C264T:51,84T133T135G171G198A199C234G:24,212A:838,NA,.:34,148T164A:1052,206A:482,146T:325,128T:783,2A:494,.:1734,123T:287,129A:34,.:549,63T66A132C:188,76A:884,21T:51,1C57C:73,.:481,47T48T:116_47T:68,.:48,.:627,.:56,80A251T:347,167G215T:778,237T:307,164G:482,112G:97,.:1113,134A:825,9G116A:91,234A:26,134G:553,1C:169,.:316,73C80T92A188T:98,160C:208,63A135T186C:1926,11G:454,.:748,187T:90,9T:57,226T:41,203T228C:2542,.:545,11C:36,NA,214A:16,.:27,174G:1303,93A149A:392,.:168,.:484,.:259,127D=TTA:61,.:82,NA,34G160A168A183G243G:238,1T54G151G:192,.:179,.:137,259A:156,55I=AATAA:31,202C268G:113,77T:29,.:62,107A139T147T164G167G:199,156C166G:632,.:520,NA,.:406,.:27,.:53,.:65,54G:81,30A:138,57T:31,.:53,146T:931,111G261C:164,128C146C:438,.:124,35G185A:17,21A:1401,NA,.:226,.:50,.:27,.:905,.:137,51C100A112C118A262G:1328,183C:338,.:316,186C:63,242T252G:144,66C215A237T:237,.:190,.:327,.:52,.:381,.:1098,84G:104,79A82A:143,96C:358,.:293,180A:613,.:141,135A:47,164T:397,43C53A:307,93G:1506,106G:155,NA,.:142,14C27A187A:89,199G:349,111A:2244,31A139C:119,NA
AMPL_neg4_S161_MiSeq_AMPLseq_Gates_039_040_REDO2,NA,NA,NA,NA,NA,NA,NA,NA,NA,NA,NA,NA,NA,NA,NA,NA,NA,NA,NA,NA,NA,NA,NA,NA,NA,NA,NA,NA,NA,NA,NA,NA,NA,NA,NA,NA,NA,NA,NA,NA,NA,NA,NA,NA,NA,NA,NA,NA,NA,NA,NA,NA,NA,NA,NA,NA,NA,NA,NA,NA,NA,NA,NA,NA,NA,NA,NA,NA,NA,NA,NA,NA,NA,NA,NA,NA,NA,NA,NA,NA,NA,NA,NA,NA,NA,NA,NA,NA,NA,NA,NA,NA,NA,NA,NA,NA,NA,NA,NA,NA,NA,NA,NA,NA,NA,NA,NA,NA,NA,NA,NA,NA,NA,NA,NA,NA,NA,NA,NA,NA,NA,NA,NA,NA,NA,NA,NA,NA,NA
EXTR_neg1_S10_MiSeq_AMPLseq_Gates_039_040_REDO2,NA,NA,NA,NA,NA,NA,NA,NA,NA,NA,NA,NA,NA,NA,NA,NA,NA,NA,NA,NA,NA,NA,NA,NA,NA,NA,NA,NA,NA,NA,NA,NA,NA,NA,NA,NA,NA,NA,NA,NA,NA,NA,NA,NA,NA,NA,NA,NA,NA,NA,NA,NA,NA,NA,NA,NA,NA,NA,NA,NA,NA,NA,NA,NA,NA,NA,NA,NA,NA,NA,NA,NA,NA,NA,NA,NA,NA,NA,NA,NA,NA,NA,NA,NA,NA,NA,NA,NA,NA,NA,NA,NA,NA,NA,NA,NA,NA,NA,NA,NA,NA,NA,NA,NA,NA,NA,NA,NA,NA,NA,NA,NA,NA,NA,NA,NA,NA,NA,NA,NA,NA,NA,NA,NA,NA,NA,NA,NA,NA
AMPL_neg3_S137_MiSeq_AMPLseq_Gates_039_040_REDO2,NA,NA,NA,NA,NA,NA,NA,NA,NA,NA,NA,NA,NA,NA,NA,NA,NA,NA,NA,NA,NA,NA,NA,NA,NA,NA,NA,NA,NA,NA,NA,NA,NA,NA,NA,NA,NA,NA,NA,NA,NA,NA,NA,NA,NA,NA,NA,NA,NA,NA,NA,NA,NA,NA,NA,NA,NA,NA,NA,NA,NA,NA,NA,NA,NA,NA,NA,NA,NA,NA,NA,NA,NA,NA,NA,NA,NA,NA,NA,NA,NA,NA,NA,NA,NA,NA,NA,NA,NA,NA,NA,NA,NA,NA,NA,NA,NA,NA,NA,NA,NA,NA,NA,NA,NA,NA,NA,NA,NA,NA,NA,NA,NA,NA,NA,NA,NA,NA,NA,NA,NA,NA,NA,NA,NA,NA,NA,NA,NA
AMPL_neg2_S71_MiSeq_AMPLseq_Gates_039_040_REDO2,NA,NA,NA,NA,NA,NA,NA,NA,NA,NA,NA,NA,NA,NA,NA,NA,NA,NA,NA,NA,NA,NA,NA,NA,NA,NA,NA,NA,NA,NA,NA,NA,NA,NA,NA,NA,NA,NA,NA,NA,NA,NA,NA,NA,NA,NA,NA,NA,NA,NA,NA,NA,NA,NA,NA,NA,NA,NA,NA,NA,NA,NA,NA,NA,NA,NA,NA,NA,NA,NA,NA,NA,NA,NA,NA,NA,NA,NA,NA,NA,NA,NA,NA,NA,NA,NA,NA,NA,NA,NA,NA,NA,NA,NA,NA,NA,NA,NA,NA,NA,NA,NA,NA,NA,NA,NA,NA,NA,NA,NA,NA,NA,NA,NA,NA,NA,NA,NA,NA,NA,NA,NA,NA,NA,NA,NA,NA,NA,NA
EXTR_neg2_S106_MiSeq_AMPLseq_Gates_039_040_REDO2,NA,NA,NA,NA,NA,NA,NA,NA,NA,NA,NA,NA,NA,NA,NA,NA,NA,NA,NA,NA,NA,NA,NA,NA,NA,NA,NA,NA,NA,NA,NA,NA,NA,NA,NA,NA,NA,NA,NA,NA,NA,NA,NA,NA,NA,NA,NA,NA,NA,NA,NA,NA,NA,NA,NA,NA,NA,NA,NA,NA,NA,NA,NA,NA,NA,NA,NA,NA,NA,NA,NA,NA,NA,NA,NA,NA,NA,NA,NA,NA,NA,NA,NA,NA,NA,NA,NA,NA,NA,NA,NA,NA,NA,NA,NA,NA,NA,NA,NA,NA,NA,NA,NA,NA,NA,NA,NA,NA,NA,NA,NA,NA,NA,NA,NA,NA,NA,NA,NA,NA,NA,NA,NA,NA,NA,NA,NA,NA,NA
AMPL_neg1_S44_MiSeq_AMPLseq_Gates_039_040_REDO2,NA,NA,NA,NA,NA,NA,NA,NA,NA,NA,NA,NA,NA,NA,NA,NA,NA,NA,NA,NA,NA,NA,NA,NA,NA,NA,NA,NA,NA,NA,NA,NA,NA,NA,NA,NA,NA,NA,NA,NA,NA,NA,NA,NA,NA,NA,NA,NA,NA,NA,NA,NA,NA,NA,NA,NA,NA,NA,NA,NA,NA,NA,NA,NA,NA,NA,NA,NA,NA,NA,NA,NA,NA,NA,NA,NA,NA,NA,NA,NA,NA,NA,NA,NA,NA,NA,NA,NA,NA,NA,NA,NA,NA,NA,NA,NA,NA,NA,NA,NA,NA,NA,NA,NA,NA,NA,NA,NA,NA,NA,NA,NA,NA,NA,NA,NA,NA,NA,NA,NA,NA,NA,NA,NA,NA,NA,NA,NA,NA
Positive-Control-45_S59_MiSeq_AMPLseq_Gates_045_046,.:11,.:179,.:2131,23T122A:59,111A:30,84A93T193C:3108,99D=AATATTCATCATGAAAAGGTTTATCATGAA:1248,NA,NA,78C:1252,84T203C214G217C264T:85,NA,212A:635,NA,.:44,148T164A:2577,206A:208,146T:656,128T:1470,2A:773,.:5416,123T:455,129A:26,.:987,63T66A132C:175,76A:1165,21T:88,1C57C:45,.:597,47T48T:107,.:90,.:2529,.:64,80A251T:478,167G215T:2725,237T:412,164G:998,112G:256,.:1122,134A:1232,9G116A:71,234A:12,134G:1035,1C:202,.:741,73C80T92A188T:125,160C:164,63A135T186C:4271,11G:1126,.:1345,187T:142,9T:226,226T:74,203T228C:3325,.:1277,11C:28,NA,214A:17,NA,174G:2174,93A149A:605,.:307,.:2044,.:311,127D=TTA:23,.:134,NA,34G160A168A183G243G:274,1T54G151G:313,.:429,.:117,259A:61,NA,202C268G:57,77T:37,.:89,107A139T147T164G167G:374,156C166G:954,.:1007,NA,.:1051,.:43,.:36,.:142,54G:209,30A:61,57T:40,.:22,146T:1221,111G261C:266,128C146C:1503,.:179,35G185A:18,21A:3009,NA,.:497,.:13,NA,.:1378,.:82,51C100A112C118A262G:2581,183C:971,.:967,186C:72,242T252G:182,66C215A237T:579,.:70,.:774,.:145,.:759,.:2758,84G:34,79A82A:247,96C:778,.:151,180A:495,.:249,135A:20,164T:819,43C53A:341,93G:5060,106G:324,NA,.:144,14C27A187A:28,199G:83,111A:2818,31A139C:134,NA
Positive-Control-46_S155_MiSeq_AMPLseq_Gates_045_046,.:32,.:57,.:1777,23T122A:34,111A:14,84A93T193C:488,99D=AATATTCATCATGAAAAGGTTTATCATGAA:897,NA,118D=ATTATTA178D=A:36,78C:499,84T203C214G217C264T:61,NA,212A:292,NA,.:18,148T164A:834,206A:177,146T:285,128T:476,2A:202,.:1575,123T:122,NA,.:314,63T66A132C:97,76A:521,21T:29,1C57C:25,.:341,47T48T:36,.:28,.:468,.:15,80A251T:241,167G215T:634,237T:178,164G:423,112G:90,.:504,134A:438,9G116A:30,NA,134G:443,1C:50,.:193,73C80T92A188T:47,160C:90,63A135T186C:1888,11G:406,.:668,187T:75,9T:62,226T:23,203T228C:2973,.:464,11C:12,NA,NA,NA,174G:812,93A149A:344,.:109,.:534,.:161,127D=TTA:23,.:38,NA,34G160A168A183G243G:156,1T54G151G:87,.:99,.:49,259A:19,NA,202C268G:30,NA,.:36,107A139T147T164G167G:121,156C166G:501,.:246,NA,.:351,.:14,NA,.:39,54G:27,30A:57,57T:26,.:16,146T:359,111G261C:99,128C146C:424,.:47,NA,21A:1332,NA,.:139,.:15,NA,.:469,.:40,51C100A112C118A262G:1639,183C:407,.:224,186C:13,242T252G:92,66C215A237T:237,.:75,.:196,.:45,.:188,.:886,84G:26,79A82A:99,96C:258,.:68,180A:187,.:77,NA,164T:318,43C53A:130,93G:1753,106G:69,NA,.:45,14C27A187A:42,199G:154,111A:965,31A139C:46,NA
PCR-Control-46-2_S177_MiSeq_AMPLseq_Gates_045_046,NA,NA,NA,NA,NA,NA,NA,NA,NA,NA,NA,NA,NA,NA,NA,NA,NA,NA,NA,NA,NA,NA,NA,NA,NA,NA,NA,NA,NA,NA,NA,NA,NA,NA,NA,NA,NA,NA,NA,NA,NA,NA,NA,NA,NA,NA,NA,NA,NA,NA,NA,NA,NA,NA,NA,NA,NA,NA,NA,NA,NA,NA,NA,NA,NA,NA,NA,NA,NA,NA,NA,NA,NA,NA,NA,NA,NA,NA,NA,NA,NA,NA,NA,NA,NA,NA,NA,NA,NA,NA,NA,NA,NA,NA,NA,NA,NA,NA,NA,NA,NA,NA,NA,NA,NA,NA,NA,NA,NA,NA,NA,NA,NA,NA,NA,NA,NA,NA,NA,NA,NA,NA,NA,NA,NA,NA,NA,NA,NA
Negative-Control-45_S14_MiSeq_AMPLseq_Gates_045_046,NA,NA,NA,NA,NA,NA,NA,NA,NA,NA,NA,NA,NA,NA,NA,NA,NA,NA,NA,NA,NA,NA,NA,NA,NA,NA,NA,NA,NA,NA,NA,NA,NA,NA,NA,NA,NA,NA,NA,NA,NA,NA,NA,NA,NA,NA,NA,NA,NA,NA,NA,NA,NA,NA,NA,NA,NA,NA,NA,NA,NA,NA,NA,NA,NA,NA,NA,NA,NA,NA,NA,NA,NA,NA,NA,NA,NA,NA,NA,NA,NA,NA,NA,NA,NA,NA,NA,NA,NA,NA,NA,NA,NA,NA,NA,NA,NA,NA,NA,NA,NA,NA,NA,NA,NA,NA,NA,NA,NA,NA,NA,NA,NA,NA,NA,NA,NA,NA,NA,NA,NA,NA,NA,NA,NA,NA,NA,NA,NA
PCR-Control-46-1_S138_MiSeq_AMPLseq_Gates_045_046,NA,NA,NA,NA,NA,NA,NA,NA,NA,NA,NA,NA,NA,NA,NA,NA,NA,NA,NA,NA,NA,NA,NA,NA,NA,NA,NA,NA,NA,NA,NA,NA,NA,NA,NA,NA,NA,NA,NA,NA,NA,NA,NA,NA,NA,NA,NA,NA,NA,NA,NA,NA,NA,NA,NA,NA,NA,NA,NA,NA,NA,NA,NA,NA,NA,NA,NA,NA,NA,NA,NA,NA,NA,NA,NA,NA,NA,NA,NA,NA,NA,NA,NA,NA,NA,NA,NA,NA,NA,NA,NA,NA,NA,NA,NA,NA,NA,NA,NA,NA,NA,NA,NA,NA,NA,NA,NA,NA,NA,NA,NA,NA,NA,NA,NA,NA,NA,NA,NA,NA,NA,NA,NA,NA,NA,NA,NA,NA,NA
Negative-Control-46_S110_MiSeq_AMPLseq_Gates_045_046,NA,NA,NA,NA,NA,NA,NA,NA,NA,NA,NA,NA,NA,NA,NA,NA,NA,NA,NA,NA,NA,NA,NA,NA,NA,NA,NA,NA,NA,NA,NA,NA,NA,NA,NA,NA,NA,NA,NA,NA,NA,NA,NA,NA,NA,NA,NA,NA,NA,NA,NA,NA,NA,NA,NA,NA,NA,NA,NA,NA,NA,NA,NA,NA,NA,NA,NA,NA,NA,NA,NA,NA,NA,NA,NA,NA,NA,NA,NA,NA,NA,NA,NA,NA,NA,NA,NA,NA,NA,NA,NA,NA,NA,NA,NA,NA,NA,NA,NA,NA,NA,NA,NA,NA,NA,NA,NA,NA,NA,NA,NA,NA,NA,NA,NA,NA,NA,NA,NA,NA,NA,NA,NA,NA,NA,NA,NA,NA,NA
PCR-Control-45-2_S81_MiSeq_AMPLseq_Gates_045_046,NA,NA,NA,NA,NA,NA,NA,NA,NA,NA,NA,NA,NA,NA,NA,NA,NA,NA,NA,NA,NA,NA,NA,NA,NA,NA,NA,NA,NA,NA,NA,NA,NA,NA,NA,NA,NA,NA,NA,NA,NA,NA,NA,NA,NA,NA,NA,NA,NA,NA,NA,NA,NA,NA,NA,NA,NA,NA,NA,NA,NA,NA,NA,NA,NA,NA,NA,NA,NA,NA,NA,NA,NA,NA,NA,NA,NA,NA,NA,NA,NA,NA,NA,NA,NA,NA,NA,NA,NA,NA,NA,NA,NA,NA,NA,NA,NA,NA,NA,NA,NA,NA,NA,NA,NA,NA,NA,NA,NA,NA,NA,NA,NA,NA,NA,NA,NA,NA,NA,NA,NA,NA,NA,NA,NA,NA,NA,NA,NA
PCR-Control-45-1_S42_MiSeq_AMPLseq_Gates_045_046,NA,NA,NA,NA,NA,NA,NA,NA,NA,NA,NA,NA,NA,NA,NA,NA,NA,NA,NA,NA,NA,NA,NA,NA,NA,NA,NA,NA,NA,NA,NA,NA,NA,NA,NA,NA,NA,NA,NA,NA,NA,NA,NA,NA,NA,NA,NA,NA,NA,NA,NA,NA,NA,NA,NA,NA,NA,NA,NA,NA,NA,NA,NA,NA,NA,NA,NA,NA,NA,NA,NA,NA,NA,NA,NA,NA,NA,NA,NA,NA,NA,NA,NA,NA,NA,NA,NA,NA,NA,NA,NA,NA,NA,NA,NA,NA,NA,NA,NA,NA,NA,NA,NA,NA,NA,NA,NA,NA,NA,NA,NA,NA,NA,NA,NA,NA,NA,NA,NA,NA,NA,NA,NA,NA,NA,NA,NA,NA,NA
Positive-Control-47_S59_MiSeq_AMPLseq_Gates_047_048,.:66,.:141,.:1646,23T122A:90,111A:26,84A93T193C:1130,99D=AATATTCATCATGAAAAGGTTTATCATGAA:843,NA,118D=ATTATTA178D=A:59,78C:1151,84T203C214G217C264T:47,84T133T135G171G198A199C234G:18,212A:484,NA,.:32,148T164A:1965,206A:360,146T:407,128T:1246,2A:606,.:1945,123T:269,129A:28,.:541,63T66A132C:139,76A:791,21T:53,1C57C:54,.:532,47T48T:110,.:67,.:1448,.:59,80A251T:380,167G215T:1672,237T:348,164G:673,112G:220,.:991,134A:880,9G116A:88,234A:11,134G:811,1C:216,.:580,73C80T92A188T:139,160C:136,63A135T186C:2525,11G:827,.:912,187T:122,9T:148,226T:84,203T228C:3056,.:777,11C:38,NA,214A:24,.:19,174G:1159,93A149A:647,.:287,.:1302,.:283,127D=TTA:58,.:142,66C:22,34G160A168A183G243G:189,1T54G151G:224,.:267,.:107,259A:62,55I=AATAA:13,202C268G:68,77T:34,.:98,107A139T147T164G167G:348,156C166G:1098,.:611,NA,.:495,.:52,.:36,.:78,54G:105,30A:116,57T:29,.:35,146T:617,111G261C:196,128C146C:1264,.:160,35G185A:18,21A:2599,NA,.:272,.:41,NA,.:585,.:136,51C100A112C118A262G:1175,183C:530,.:523,186C:56,242T252G:119,66C215A237T:446,.:163,.:659,.:94,.:480,.:1098,84G:87,79A82A:164,96C:568,.:257,180A:386,.:166,135A:27,164T:643,43C53A:263,93G:3332,106G:261,NA,.:88,14C27A187A:67,199G:273,111A:1055,31A139C:133,NA
Positive-Control-48_S155_MiSeq_AMPLseq_Gates_047_048,.:31,.:318,.:2700,23T122A:107,111A:44,84A93T193C:3327,99D=AATATTCATCATGAAAAGGTTTATCATGAA:1478,NA,118D=ATTATTA178D=A:26,78C:1949,84T203C214G217C264T:108,NA,212A:569,NA,.:40,148T164A:3230,206A:269,146T:639,128T:2589,2A:1201,.:2944,123T:739,129A:25,.:1240,63T66A132C:154,76A:2182,21T:97,1C57C:33,.:827,47T48T:189_47T:92,.:253,.:5045,.:154,80A251T:557,167G215T:2380,237T:399,164G:732,112G:354,.:1302,134A:2574,9G116A:87,234A:12,134G:2249,1C:263,.:847,73C80T92A188T:144,160C:109,63A135T186C:3528,11G:985,.:2262,187T:116,9T:385,226T:62,203T228C:2776,.:1378,11C:46,NA,214A:35,.:17,174G:1835,93A149A:478,.:422,.:1945,.:662,127D=TTA:27,.:240,66C:24,34G160A168A183G243G:342,1T54G151G:322,.:908,.:144,259A:60,NA,202C268G:90,77T:62,.:126,107A139T147T164G167G:630,156C166G:1227,.:981,25C219G:15,.:926,.:79,.:50,.:154,54G:225,30A:122,57T:56,.:62,146T:1399,111G261C:170,128C146C:1972,.:393,35G185A:14,21A:5449,NA,.:863,.:22,NA,.:2146,.:126,51C100A112C118A262G:2216,183C:672,.:934,186C:92,242T252G:187,66C215A237T:767,.:75,.:1076,.:168,.:1203,.:2832,84G:45,79A82A:268,96C:867,.:220,180A:513,.:255,135A:30,164T:953,43C53A:591,93G:5169,106G:607,NA,.:106,14C27A187A:28,199G:130,111A:1899,31A139C:210,NA
PCR-Control-48-2_S177_MiSeq_AMPLseq_Gates_047_048,NA,NA,NA,NA,NA,NA,NA,NA,NA,NA,NA,NA,NA,NA,NA,NA,NA,NA,NA,NA,NA,NA,NA,NA,NA,NA,NA,NA,NA,NA,NA,NA,NA,NA,NA,NA,NA,NA,NA,NA,NA,NA,NA,NA,NA,NA,NA,NA,NA,NA,NA,NA,NA,NA,NA,NA,NA,NA,NA,NA,NA,NA,NA,NA,NA,NA,NA,NA,NA,NA,NA,NA,NA,NA,NA,NA,NA,NA,NA,NA,NA,NA,NA,NA,NA,NA,NA,NA,NA,NA,NA,NA,NA,NA,NA,NA,NA,NA,NA,NA,NA,NA,NA,NA,NA,NA,NA,NA,NA,NA,NA,NA,NA,NA,NA,NA,NA,NA,NA,NA,NA,NA,NA,NA,NA,NA,NA,NA,NA
PCR-Control-47-2_S81_MiSeq_AMPLseq_Gates_047_048,NA,NA,NA,NA,NA,NA,NA,NA,NA,NA,NA,NA,NA,NA,NA,NA,NA,NA,NA,NA,NA,NA,NA,NA,NA,NA,NA,NA,NA,NA,NA,NA,NA,NA,NA,NA,NA,NA,NA,NA,NA,NA,NA,NA,NA,NA,NA,NA,NA,NA,NA,NA,NA,NA,NA,NA,NA,NA,NA,NA,NA,NA,NA,NA,NA,NA,NA,NA,NA,NA,NA,NA,NA,NA,NA,NA,NA,NA,NA,NA,NA,NA,NA,NA,NA,NA,NA,NA,NA,NA,NA,NA,NA,NA,NA,NA,NA,NA,NA,NA,NA,NA,NA,NA,NA,NA,NA,NA,NA,NA,NA,NA,NA,NA,NA,NA,NA,NA,NA,NA,NA,NA,NA,NA,NA,NA,NA,NA,NA
PCR-Control-48-1_S138_MiSeq_AMPLseq_Gates_047_048,NA,NA,NA,NA,NA,NA,NA,NA,NA,NA,NA,NA,NA,NA,NA,NA,NA,NA,NA,NA,NA,NA,NA,NA,NA,NA,NA,NA,NA,NA,NA,NA,NA,NA,NA,NA,NA,NA,NA,NA,NA,NA,NA,NA,NA,NA,NA,NA,NA,NA,NA,NA,NA,NA,NA,NA,NA,NA,NA,NA,NA,NA,NA,NA,NA,NA,NA,NA,NA,NA,NA,NA,NA,NA,NA,NA,NA,NA,NA,NA,NA,NA,NA,NA,NA,NA,NA,NA,NA,NA,NA,NA,NA,NA,NA,NA,NA,NA,NA,NA,NA,NA,NA,NA,NA,NA,NA,NA,NA,NA,NA,NA,NA,NA,NA,NA,NA,NA,NA,NA,NA,NA,NA,NA,NA,NA,NA,NA,NA
Negative-Control-47_S14_MiSeq_AMPLseq_Gates_047_048,NA,NA,NA,NA,NA,NA,NA,NA,NA,NA,NA,NA,NA,NA,NA,NA,NA,NA,NA,NA,NA,NA,NA,NA,NA,NA,NA,NA,NA,NA,NA,NA,NA,NA,NA,NA,NA,NA,NA,NA,NA,NA,NA,NA,NA,NA,NA,NA,NA,NA,NA,NA,NA,NA,NA,NA,NA,NA,NA,NA,NA,NA,NA,NA,NA,NA,NA,NA,NA,NA,NA,NA,NA,NA,NA,NA,NA,NA,NA,NA,NA,NA,NA,NA,NA,NA,NA,NA,NA,NA,NA,NA,NA,NA,NA,NA,NA,NA,NA,NA,NA,NA,NA,NA,NA,NA,NA,NA,NA,NA,NA,NA,NA,NA,NA,NA,NA,NA,NA,NA,NA,NA,NA,NA,NA,NA,NA,NA,NA
PCR-Control-47-1_S42_MiSeq_AMPLseq_Gates_047_048,NA,NA,NA,NA,NA,NA,NA,NA,NA,NA,NA,NA,NA,NA,NA,NA,NA,NA,NA,NA,NA,NA,NA,NA,NA,NA,NA,NA,NA,NA,NA,NA,NA,NA,NA,NA,NA,NA,NA,NA,NA,NA,NA,NA,NA,NA,NA,NA,NA,NA,NA,NA,NA,NA,NA,NA,NA,NA,NA,NA,NA,NA,NA,NA,NA,NA,NA,NA,NA,NA,NA,NA,NA,NA,NA,NA,NA,NA,NA,NA,NA,NA,NA,NA,NA,NA,NA,NA,NA,NA,NA,NA,NA,NA,NA,NA,NA,NA,NA,NA,NA,NA,NA,NA,NA,NA,NA,NA,NA,NA,NA,NA,NA,NA,NA,NA,NA,NA,NA,NA,NA,NA,NA,NA,NA,NA,NA,NA,NA
Negative-Control-48_S110_MiSeq_AMPLseq_Gates_047_048,NA,NA,NA,NA,NA,NA,NA,NA,NA,NA,NA,NA,NA,NA,NA,NA,NA,NA,NA,NA,NA,NA,NA,NA,NA,NA,NA,NA,NA,NA,NA,NA,NA,NA,NA,NA,NA,NA,NA,NA,NA,NA,NA,NA,NA,NA,NA,NA,NA,NA,NA,NA,NA,NA,NA,NA,NA,NA,NA,NA,NA,NA,NA,NA,NA,NA,NA,NA,NA,NA,NA,NA,NA,NA,NA,NA,NA,NA,NA,NA,NA,NA,NA,NA,NA,NA,NA,NA,NA,NA,NA,NA,NA,NA,NA,NA,NA,NA,NA,NA,NA,NA,NA,NA,NA,NA,NA,NA,NA,NA,NA,NA,NA,NA,NA,NA,NA,NA,NA,NA,NA,NA,NA,NA,NA,NA,NA,NA,NA
Positive-Control-49_S155_MiSeq_AMPLseq_Gates_049_050,.:32,.:22,.:1337,23T122A:54,NA,84A93T193C:281,99D=AATATTCATCATGAAAAGGTTTATCATGAA:212,NA,118D=ATTATTA178D=A:31,78C:166,84T203C214G217C264T:12,NA,212A:431,NA,NA,148T164A:560,206A:205,146T:82,128T:231,2A:102,.:130,123T:104,NA,.:203,63T66A132C:32,76A:441,21T:11,1C57C:27,.:100,47T48T:47,NA,.:109,.:11,80A251T:52,167G215T:176,237T:69,164G:80,112G:25,.:570,134A:212,9G116A:29,NA,134G:377,1C:48,.:131,73C80T92A188T:54,160C:22,63A135T186C:242,11G:47,.:676,187T:19,NA,NA,203T228C:1532,.:227,NA,NA,NA,NA,174G:258,93A149A:39,.:52,.:105,.:535,127D=TTA:16,.:21,NA,34G160A168A183G243G:95,1T54G151G:42,.:93,.:20,259A:34,55I=AATAA:11,202C268G:45,77T:15,NA,107A139T147T164G167G:27,156C166G:238,.:110,NA,.:33,NA,.:25,.:17,54G:17,30A:32,NA,.:28,146T:130,111G261C:23,128C146C:130,.:66,NA,21A:891,NA,.:79,NA,NA,.:584,.:62,51C100A112C118A262G:449,183C:47,.:35,186C:12,242T252G:25,66C215A237T:119,.:48,.:57,NA,.:111,.:351,84G:13,79A82A:41,96C:99,.:49,180A:221,.:32,NA,164T:94,43C53A:138,93G:371,106G:28,NA,.:23,NA,199G:211,111A:139,31A139C:25,NA
Positive-Control-50_S59_MiSeq_AMPLseq_Gates_049_050,.:41,.:52,.:2837,23T122A:67,111A:19,84A93T193C:777,99D=AATATTCATCATGAAAAGGTTTATCATGAA:413,NA,118D=ATTATTA178D=A:33,78C:319,84T203C214G217C264T:33,NA,212A:454,NA,.:12,148T164A:901,206A:235,146T:158,128T:368,2A:196,.:416,123T:179,129A:16,.:432,63T66A132C:53,76A:577,21T:20,1C57C:34,.:192,47T48T:48,.:22,.:362,.:22,80A251T:156,167G215T:436,237T:116,164G:172,112G:41,.:666,134A:406,9G116A:39,NA,134G:589,1C:76,.:246,73C80T92A188T:63,160C:35,63A135T186C:570,11G:81,.:847,187T:42,9T:24,226T:13,203T228C:2961,.:324,NA,NA,NA,NA,174G:532,93A149A:102,.:96,.:246,.:425,127D=TTA:16,.:28,NA,34G160A168A183G243G:203,1T54G151G:87,.:158,.:23,259A:43,NA,202C268G:85,77T:15,.:15,107A139T147T164G167G:71,156C166G:707,.:136,NA,.:93,.:11,.:26,.:35,54G:47,30A:50,NA,.:28,146T:223,111G261C:36,128C146C:370,.:89,NA,21A:1837,NA,.:88,.:11,.:12,.:593,.:48,51C100A112C118A262G:871,183C:89,.:150,186C:20,242T252G:38,66C215A237T:176,.:64,.:200,.:39,.:203,.:570,84G:16,79A82A:49,96C:177,.:100,180A:242,.:74,135A:16,164T:189,43C53A:180,93G:1037,106G:69,NA,.:25,14C27A187A:27,199G:125,111A:471,31A139C:44,NA
PCR-Control-50-2_S81_MiSeq_AMPLseq_Gates_049_050,NA,NA,NA,NA,NA,NA,NA,NA,NA,NA,NA,NA,NA,NA,NA,NA,NA,NA,NA,NA,NA,NA,NA,NA,NA,NA,NA,NA,NA,NA,NA,NA,NA,NA,NA,NA,NA,NA,NA,NA,NA,NA,NA,NA,NA,NA,NA,NA,NA,NA,NA,NA,NA,NA,NA,NA,NA,NA,NA,NA,NA,NA,NA,NA,NA,NA,NA,NA,NA,NA,NA,NA,NA,NA,NA,NA,NA,NA,NA,NA,NA,NA,NA,NA,NA,NA,NA,NA,NA,NA,NA,NA,NA,NA,NA,NA,NA,NA,NA,NA,NA,NA,NA,NA,NA,NA,NA,NA,NA,NA,NA,NA,NA,NA,NA,NA,NA,NA,NA,NA,NA,NA,NA,NA,NA,NA,NA,NA,NA
PCR-Control-49-1_S138_MiSeq_AMPLseq_Gates_049_050,NA,NA,NA,NA,NA,NA,NA,NA,NA,NA,NA,NA,NA,NA,NA,NA,NA,NA,NA,NA,NA,NA,NA,NA,NA,NA,NA,NA,NA,NA,NA,NA,NA,NA,NA,NA,NA,NA,NA,NA,NA,NA,NA,NA,NA,NA,NA,NA,NA,NA,NA,NA,NA,NA,NA,NA,NA,NA,NA,NA,NA,NA,NA,NA,NA,NA,NA,NA,NA,NA,NA,NA,NA,NA,NA,NA,NA,NA,NA,NA,NA,NA,NA,NA,NA,NA,NA,NA,NA,NA,NA,NA,NA,NA,NA,NA,NA,NA,NA,NA,NA,NA,NA,NA,NA,NA,NA,NA,NA,NA,NA,NA,NA,NA,NA,NA,NA,NA,NA,NA,NA,NA,NA,NA,NA,NA,NA,NA,NA
Negative-Control-49_S110_MiSeq_AMPLseq_Gates_049_050,NA,NA,NA,NA,NA,NA,NA,NA,NA,NA,NA,NA,NA,NA,NA,NA,NA,NA,NA,NA,NA,NA,NA,NA,NA,NA,NA,NA,NA,NA,NA,NA,NA,NA,NA,NA,NA,NA,NA,NA,NA,NA,NA,NA,NA,NA,NA,NA,NA,NA,NA,NA,NA,NA,NA,NA,NA,NA,NA,NA,NA,NA,NA,NA,NA,NA,NA,NA,NA,NA,NA,NA,NA,NA,NA,NA,NA,NA,NA,NA,NA,NA,NA,NA,NA,NA,NA,NA,NA,NA,NA,NA,NA,NA,NA,NA,NA,NA,NA,NA,NA,NA,NA,NA,NA,NA,NA,NA,NA,NA,NA,NA,NA,NA,NA,NA,NA,NA,NA,NA,NA,NA,NA,NA,NA,NA,NA,NA,NA
Negative-Control-50_S14_MiSeq_AMPLseq_Gates_049_050,NA,NA,NA,NA,NA,NA,NA,NA,NA,NA,NA,NA,NA,NA,NA,NA,NA,NA,NA,NA,NA,NA,NA,NA,NA,NA,NA,NA,NA,NA,NA,NA,NA,NA,NA,NA,NA,NA,NA,NA,NA,NA,NA,NA,NA,NA,NA,NA,NA,NA,NA,NA,NA,NA,NA,NA,NA,NA,NA,NA,NA,NA,NA,NA,NA,NA,NA,NA,NA,NA,NA,NA,NA,NA,NA,NA,NA,NA,NA,NA,NA,NA,NA,NA,NA,NA,NA,NA,NA,NA,NA,NA,NA,NA,NA,NA,NA,NA,NA,NA,NA,NA,NA,NA,NA,NA,NA,NA,NA,NA,NA,NA,NA,NA,NA,NA,NA,NA,NA,NA,NA,NA,NA,NA,NA,NA,NA,NA,NA
PCR-Control-49-2_S177_MiSeq_AMPLseq_Gates_049_050,NA,NA,NA,NA,NA,NA,NA,NA,NA,NA,NA,NA,NA,NA,NA,NA,NA,NA,NA,NA,NA,NA,NA,NA,NA,NA,NA,NA,NA,NA,NA,NA,NA,NA,NA,NA,NA,NA,NA,NA,NA,NA,NA,NA,NA,NA,NA,NA,NA,NA,NA,NA,NA,NA,NA,NA,NA,NA,NA,NA,NA,NA,NA,NA,NA,NA,NA,NA,NA,NA,NA,NA,NA,NA,NA,NA,NA,NA,NA,NA,NA,NA,NA,NA,NA,NA,NA,NA,NA,NA,NA,NA,NA,NA,NA,NA,NA,NA,NA,NA,NA,NA,NA,NA,NA,NA,NA,NA,NA,NA,NA,NA,NA,NA,NA,NA,NA,NA,NA,NA,NA,NA,NA,NA,NA,NA,NA,NA,NA
Negative-Control-31_S126_MiSeq_AMPLseq_Gates_051,NA,NA,NA,NA,NA,NA,NA,NA,NA,NA,NA,NA,NA,NA,NA,NA,NA,NA,NA,NA,NA,NA,NA,NA,NA,NA,NA,NA,NA,NA,NA,NA,NA,NA,NA,NA,NA,NA,NA,NA,NA,NA,NA,NA,NA,.:40,NA,NA,NA,NA,NA,NA,NA,159C:105,NA,NA,NA,NA,NA,NA,NA,NA,NA,NA,NA,NA,NA,NA,NA,NA,NA,NA,NA,NA,NA,NA,NA,NA,NA,NA,NA,NA,NA,NA,NA,NA,NA,NA,NA,NA,NA,NA,NA,NA,NA,NA,NA,NA,NA,NA,NA,NA,NA,NA,NA,NA,NA,NA,NA,NA,NA,NA,NA,NA,NA,NA,NA,NA,NA,NA,NA,NA,NA,NA,NA,NA,NA,NA,NA
Negative-Control-32_S163_MiSeq_AMPLseq_Gates_051,NA,NA,NA,NA,NA,NA,NA,NA,NA,NA,NA,NA,NA,NA,NA,NA,NA,NA,NA,NA,NA,NA,NA,NA,NA,NA,221G228T:15,NA,NA,NA,NA,NA,NA,NA,NA,NA,NA,NA,NA,NA,NA,NA,NA,NA,NA,NA,NA,NA,NA,NA,NA,NA,NA,NA,NA,NA,NA,NA,NA,NA,NA,NA,NA,.:165,NA,NA,NA,NA,NA,NA,NA,NA,NA,NA,NA,NA,NA,NA,NA,NA,NA,NA,NA,NA,NA,NA,NA,NA,NA,NA,NA,NA,NA,NA,NA,NA,NA,NA,NA,NA,NA,NA,NA,NA,NA,NA,NA,NA,NA,NA,NA,NA,NA,NA,NA,NA,.:70,NA,NA,NA,NA,NA,NA,NA,NA,NA,NA,NA,NA
Negative-Control-34_S78_MiSeq_AMPLseq_Gates_051,NA,NA,.:21985,NA,NA,NA,NA,NA,NA,78C:77,84T201C203C214T217C226G264T:12353,NA,NA,NA,NA,.:123,NA,146T:3377,NA,NA,NA,NA,NA,NA,NA,NA,NA,NA,NA,.:100,47T:65,3T4C27G:1436,71T:30,NA,NA,9A89A90A:62,NA,NA,NA,NA,NA,NA,.:2148,NA,.:259,NA,NA,NA,NA,53T177A178A:4004,187T:3315,NA,NA,159C:15,62T:972,NA,NA,NA,NA,NA,NA,106T:691,NA,NA,NA,NA,NA,34G63G69A168A183G243G:126,NA,NA,NA,NA,NA,NA,NA,NA,NA,156C:33340,.:22433,NA,NA,.:437,NA,NA,NA,30A:972,NA,NA,NA,NA,21T34G128C:26984,NA,NA,NA,NA,NA,NA,NA,.:18,NA,NA,NA,NA,NA,NA,NA,NA,.:7462,NA,NA,.:537,NA,NA,96C:397,.:14,88A180A:152,NA,NA,NA,NA,NA,NA,NA,NA,NA,NA,NA,NA,NA
OMIT_S125_MiSeq_AMPLseq_Gates_051,NA,NA,NA,NA,NA,NA,NA,NA,NA,NA,NA,NA,NA,NA,NA,NA,NA,NA,NA,NA,NA,NA,NA,NA,NA,NA,NA,NA,NA,NA,NA,NA,NA,NA,NA,NA,NA,NA,NA,NA,NA,NA,NA,NA,NA,NA,NA,NA,NA,NA,NA,NA,NA,NA,NA,NA,NA,NA,NA,NA,NA,NA,NA,NA,NA,NA,NA,NA,NA,NA,NA,NA,NA,NA,NA,NA,NA,NA,NA,NA,NA,NA,NA,NA,NA,NA,NA,NA,NA,NA,NA,NA,NA,NA,NA,NA,NA,NA,NA,NA,NA,NA,NA,NA,NA,NA,NA,NA,NA,NA,NA,NA,NA,NA,NA,NA,NA,NA,NA,NA,NA,NA,NA,NA,NA,NA,NA,NA,NA
PCR-Control-34-2_S98_MiSeq_AMPLseq_Gates_051,NA,NA,NA,NA,NA,NA,NA,NA,NA,NA,NA,NA,NA,NA,NA,NA,NA,NA,NA,NA,NA,NA,NA,NA,NA,NA,NA,NA,NA,NA,NA,NA,NA,NA,NA,NA,NA,NA,NA,NA,NA,NA,NA,NA,NA,NA,NA,NA,NA,NA,NA,NA,NA,NA,NA,NA,NA,NA,NA,NA,NA,NA,NA,NA,NA,NA,NA,NA,NA,NA,NA,NA,NA,NA,NA,NA,NA,NA,NA,NA,NA,NA,NA,NA,NA,NA,NA,NA,NA,NA,NA,NA,NA,NA,NA,NA,NA,NA,NA,NA,NA,NA,NA,NA,NA,NA,NA,NA,NA,NA,NA,NA,NA,NA,NA,NA,NA,NA,NA,NA,NA,NA,NA,NA,NA,NA,NA,NA,NA
PCR-Control-51-2_S59_MiSeq_AMPLseq_Gates_051,NA,NA,NA,NA,NA,NA,NA,NA,NA,NA,NA,NA,NA,NA,NA,NA,NA,NA,NA,NA,NA,NA,NA,NA,NA,NA,NA,NA,NA,NA,NA,NA,NA,NA,NA,NA,NA,NA,NA,NA,NA,NA,NA,NA,NA,NA,NA,NA,NA,NA,NA,NA,NA,NA,NA,NA,NA,NA,NA,NA,NA,NA,NA,NA,NA,NA,NA,NA,NA,NA,NA,NA,NA,NA,NA,NA,NA,NA,NA,NA,NA,NA,NA,NA,NA,NA,NA,NA,NA,NA,NA,NA,NA,NA,NA,NA,NA,NA,NA,NA,NA,NA,NA,NA,NA,NA,NA,NA,NA,NA,NA,NA,NA,NA,NA,NA,NA,NA,NA,NA,NA,NA,NA,NA,NA,NA,NA,NA,NA
Positive-control-31_S136_MiSeq_AMPLseq_Gates_051,NA,NA,.:262,NA,NA,84A93T193C:227,99D=AATATTCATCATGAAAAGGTTTATCATGAA:18,NA,NA,78C:144,84T203C214G217C264T:15,NA,212A:48,NA,NA,148T164A:17,206A:42,146T:13,128T:44,2A:41,.:60,123T:23,NA,.:32,63T66A132C:12,76A:130,NA,NA,.:27,47T48T:19,NA,.:16,NA,80A251T:14,167G215T:62,NA,164G:88,NA,.:100,134A:105,NA,NA,134G:248,1C:32,.:17,NA,NA,63A135T186C:44,11G:46,.:76,NA,NA,NA,203T228C:43,.:56,NA,NA,NA,NA,174G:212,NA,.:31,.:20,.:81,NA,.:39,NA,34G160A168A183G243G:33,1T54G151G:19,.:11,NA,NA,NA,NA,NA,NA,107A139T147T164G167G:27,156C166G:73,.:17,NA,.:40,.:16,NA,NA,NA,NA,NA,.:13,146T:174,NA,128C146C:47,NA,NA,21A:74,NA,.:17,NA,NA,.:280,NA,51C100A112C118A262G:118,183C:12,.:21,NA,NA,66C215A237T:25,.:34,.:15,NA,.:17,.:36,NA,79A82A:29,96C:15,.:21,180A:19,NA,NA,164T:18,43C53A:39,93G:91,106G:16,NA,NA,NA,NA,111A:275,31A139C:12,NA
Positive-control-32_S186_MiSeq_AMPLseq_Gates_051,.:136,.:295,.:5225,23T122A:254,111A:83,84A93T193C:3143,99D=AATATTCATCATGAAAAGGTTTATCATGAA:2184,96A:21,118D=ATTATTA178D=A:113,78C:2193,84T203C214G217C264T:122,84T133T135G171G198A199C234G:63,212A:1765,NA,.:63,148T164A:3243,206A:947,146T:889,128T:2141,2A:1107,.:3457,123T:637,129A:59,.:1255,63T66A132C:322,76A:2284,21T:138,1C57C:162,.:1135,47T48T:197_47T:98,.:107,.:1898,.:116,80A251T:795,167G215T:2128,237T:677,164G:1075,112G:384,.:1991,134A:1935,9G116A:178,234A:60,134G:1315,1C:406,.:754,73C80T92A188T:219,160C:316,63A135T186C:5207,11G:1208,.:1904,187T:291,9T:127,226T:126,203T228C:4964,.:1062,11C:73,138A:21,214A:37,.:34,174G:2512,93A149A:963,.:409,.:1749,.:705,127D=TTA:86,.:155,66C:17,34G160A168A183G243G:470,1T54G151G:497,.:617,.:282,259A:293,55I=AATAA:71,202C268G:215,77T:91,.:107,107A139T147T164G167G:553,156C166G:1594,.:1274,25C219G:19,.:1038,.:98,.:116,.:191,54G:339,30A:281,57T:75,.:92,146T:2380,111G261C:265,128C146C:1480,.:412,35G185A:41,21A:4485,.:14,.:712,.:102,.:51,.:2132,.:424,51C100A112C118A262G:3475,183C:925,.:917,186C:124,242T252G:375,66C215A237T:654,.:358,.:1008,.:197,.:898,.:2567,84G:171,79A82A:314,96C:1068,.:472,180A:1096,.:430,135A:71,164T:1110,43C53A:629,93G:4416,106G:519,1C49A:14,.:281,14C27A187A:122,199G:542,111A:3488,31A139C:353,NA
Positive-control-34_S95_MiSeq_AMPLseq_Gates_051,.:62,.:499,.:6319,23T122A:239,111A:161,84A93T193C:11833,99D=AATATTCATCATGAAAAGGTTTATCATGAA:5022,96A:11,118D=ATTATTA178D=A:84,78C:4185,84T203C214G217C264T:262,84T133T135G171G198A199C234G:26,212A:2177,NA,.:74,148T164A:5489,206A:681,146T:1728,128T:5204,2A:2264,.:15644,123T:1886,129A:106,.:2603,63T66A132C:443,76A:4398,21T:230,1C57C:158,.:2316,47T48T:345_47T:193,.:370,.:10385,.:251,80A251T:1753,167G215T:5778,237T:1472,164G:2858,112G:1107,.:3230,134A:4905,9G116A:170,234A:31,134G:2711,1C:799,.:1386,73C80T92A188T:232,160C:804,63A135T186C:11238,11G:4008,.:3536,187T:432,9T:773,226T:218,203T228C:11489,.:2991,11C:108,138A:20,214A:73,.:43,174G:8571,93A149A:1665,.:625,.:4239,.:756,127D=TTA:102,.:538,66C:41,34G160A168A183G243G:733,1T54G151G:884,.:1475,.:478,259A:191,NA,202C268G:191,77T:121,.:322,107A139T147T164G167G:1550,156C166G:3710,.:2325,25C219G:32,.:4092,.:187,.:97,.:446,54G:676,30A:235,57T:177,.:103,146T:5218,111G261C:743,128C146C:4746,.:614,35G185A:48,21A:5823,NA,.:1594,.:112,.:21,.:5851,.:442,51C100A112C118A262G:7214,183C:2434,.:3102,186C:283,242T252G:695,66C215A237T:1092,.:374,.:1831,.:323,.:1699,.:5369,84G:123,79A82A:691,96C:2586,.:685,180A:1788,.:755,135A:115,164T:3075,43C53A:944,93G:9439,106G:1343,NA,.:441,14C27A187A:88,199G:248,111A:11827,31A139C:550,NA
pcr-control-31-2_S152_MiSeq_AMPLseq_Gates_051,NA,NA,NA,NA,NA,NA,NA,NA,NA,NA,NA,NA,NA,NA,NA,NA,NA,NA,NA,NA,NA,NA,NA,NA,NA,NA,NA,NA,NA,NA,NA,NA,NA,NA,NA,NA,NA,NA,NA,NA,NA,NA,NA,NA,NA,NA,NA,NA,NA,NA,NA,NA,NA,NA,NA,NA,NA,NA,NA,NA,NA,NA,NA,NA,NA,NA,NA,NA,NA,NA,NA,NA,NA,NA,NA,NA,NA,NA,NA,NA,NA,NA,NA,NA,NA,NA,NA,NA,NA,NA,NA,NA,NA,NA,NA,NA,NA,NA,NA,NA,NA,NA,NA,NA,NA,NA,NA,NA,NA,NA,NA,NA,NA,NA,NA,NA,NA,NA,NA,NA,NA,NA,NA,NA,NA,NA,NA,NA,NA
pcr-control-32-1_S173_MiSeq_AMPLseq_Gates_051,NA,NA,NA,NA,NA,NA,NA,NA,NA,NA,NA,NA,NA,NA,NA,NA,NA,NA,NA,NA,NA,NA,NA,NA,NA,NA,NA,NA,NA,NA,NA,NA,NA,NA,NA,NA,NA,NA,NA,NA,NA,NA,NA,NA,NA,NA,NA,NA,NA,NA,NA,NA,NA,NA,NA,NA,NA,NA,NA,NA,NA,NA,NA,NA,NA,NA,NA,NA,NA,NA,NA,NA,NA,NA,NA,NA,NA,NA,NA,NA,NA,NA,NA,NA,NA,NA,NA,NA,NA,NA,NA,NA,NA,NA,NA,NA,NA,NA,NA,NA,NA,NA,NA,NA,NA,NA,NA,NA,NA,NA,NA,NA,NA,NA,NA,NA,NA,NA,NA,NA,NA,NA,NA,NA,NA,NA,NA,NA,NA
PCR-Control-51-1_S42_MiSeq_AMPLseq_Gates_051,NA,NA,NA,NA,NA,NA,NA,NA,NA,NA,NA,NA,NA,NA,NA,NA,NA,NA,NA,NA,NA,NA,NA,NA,NA,NA,NA,NA,NA,NA,NA,NA,NA,NA,NA,NA,NA,NA,NA,NA,NA,NA,NA,NA,NA,NA,NA,NA,NA,NA,NA,NA,NA,NA,NA,NA,NA,NA,NA,NA,NA,NA,NA,NA,NA,NA,NA,NA,NA,NA,NA,NA,NA,NA,NA,NA,NA,NA,NA,NA,NA,NA,NA,NA,NA,NA,NA,NA,NA,NA,NA,NA,NA,NA,NA,NA,NA,NA,NA,NA,NA,NA,NA,NA,NA,NA,NA,NA,NA,NA,NA,NA,NA,NA,NA,NA,NA,NA,NA,NA,NA,NA,NA,NA,NA,NA,NA,NA,NA
Negative-Control-51_S14_MiSeq_AMPLseq_Gates_051,NA,NA,NA,NA,NA,NA,NA,NA,NA,NA,NA,NA,NA,NA,NA,NA,NA,NA,NA,NA,NA,NA,NA,NA,NA,NA,NA,NA,NA,NA,NA,NA,NA,NA,NA,NA,NA,NA,NA,NA,NA,NA,NA,NA,NA,NA,NA,NA,NA,NA,NA,NA,NA,NA,NA,NA,NA,NA,NA,NA,NA,NA,NA,NA,NA,NA,NA,NA,NA,NA,NA,NA,NA,NA,NA,NA,NA,NA,NA,NA,NA,NA,NA,NA,NA,NA,NA,NA,NA,NA,NA,NA,NA,NA,NA,NA,NA,NA,NA,NA,NA,NA,NA,NA,NA,NA,NA,NA,NA,NA,NA,NA,NA,NA,NA,NA,NA,NA,NA,NA,NA,NA,NA,NA,NA,NA,NA,NA,NA
pcr-control-32-2_S182_MiSeq_AMPLseq_Gates_051,NA,NA,NA,NA,NA,NA,NA,NA,NA,NA,NA,NA,NA,NA,NA,NA,NA,NA,NA,NA,NA,NA,NA,NA,NA,NA,NA,NA,NA,NA,NA,NA,NA,NA,NA,NA,NA,NA,NA,NA,NA,NA,NA,NA,NA,NA,NA,NA,NA,NA,NA,NA,NA,NA,NA,NA,NA,NA,NA,NA,NA,NA,NA,NA,NA,NA,NA,NA,NA,NA,NA,NA,NA,NA,NA,NA,NA,NA,NA,NA,NA,NA,NA,NA,NA,NA,NA,NA,NA,NA,NA,NA,NA,NA,NA,NA,NA,NA,NA,NA,NA,NA,NA,NA,NA,NA,NA,NA,NA,NA,NA,NA,NA,NA,NA,NA,NA,NA,NA,NA,NA,NA,NA,NA,NA,NA,NA,NA,NA
pcr-control-31-1_S132_MiSeq_AMPLseq_Gates_051,NA,NA,NA,NA,NA,NA,NA,NA,NA,NA,NA,NA,NA,NA,NA,NA,NA,NA,NA,NA,NA,NA,NA,NA,NA,NA,NA,NA,NA,NA,NA,NA,NA,NA,NA,NA,NA,NA,NA,NA,NA,NA,NA,NA,NA,NA,NA,NA,NA,NA,NA,NA,NA,NA,NA,NA,NA,NA,NA,NA,NA,NA,NA,NA,NA,NA,NA,NA,NA,NA,NA,NA,NA,NA,NA,NA,NA,NA,NA,NA,NA,NA,NA,NA,NA,NA,NA,NA,NA,NA,NA,NA,NA,NA,NA,NA,NA,NA,NA,NA,NA,NA,NA,NA,NA,NA,NA,NA,NA,NA,NA,NA,NA,NA,NA,NA,NA,NA,NA,NA,NA,NA,NA,NA,NA,NA,NA,NA,NA
