amplicon,chromosome,start,end,pos,length,distance,gene_id,gene_name,FullForward,FullReverse,Forward,Reverse,forwardLength,reverseLength,forwardFullLength,reverseFullLength,target_nSNPs,target_INDELs,Set
PVP01_0103700_1,PvP01_01_v1,169480,169679,169580,200,2105,PVP01_0103700,PVP01_0103700,GCAGCGTCAGATGTGTATAAGAGACAGACAATTTCAAGAGAGAAACTTCAGATGA,TGGGCTCGGAGATGTGTATAAGAGACAGCCCGTTACCGATTCGACCAT,ACAATTTCAAGAGAGAAACTTCAGATGA,CCCGTTACCGATTCGACCAT,28,20,55,48,3,FALSE,PvGTSeq271/PvGTSeq258/PvGTSeq249
PVP01_0103700_2,PvP01_01_v1,171594,171775,171685,182,205960,PVP01_0103700,PVP01_0103700,GCAGCGTCAGATGTGTATAAGAGACAGCAAAACTGGAAGCCCCTCGA,TGGGCTCGGAGATGTGTATAAGAGACAGCCTGCGTTGGTTAGCTCCAT,CAAAACTGGAAGCCCCTCGA,CCTGCGTTGGTTAGCTCCAT,20,20,47,48,3,FALSE,PvGTSeq271/PvGTSeq258/PvGTSeq249
RAMA,PvP01_01_v1,377605,377685,377645,81,18419,PVP01_0107500,RAMA,GCAGCGTCAGATGTGTATAAGAGACAGGCAAACCGACTTGTCCAACG,TGGGCTCGGAGATGTGTATAAGAGACAGTGCATTTGTGAGGCTTTCGG,GCAAACCGACTTGTCCAACG,TGCATTTGTGAGGCTTTCGG,20,20,47,48,3,FALSE,PvGTSeq271/PvGTSeq258/PvGTSeq249
MED14,PvP01_01_v1,459928,460050,459989,123,2837,PVP01_0109600,MED14,GCAGCGTCAGATGTGTATAAGAGACAGTTTCCAACCGGGGCATATCC,TGGGCTCGGAGATGTGTATAAGAGACAGTTGCGCCACATGAATTTGCA,TTTCCAACCGGGGCATATCC,TTGCGCCACATGAATTTGCA,20,20,47,48,3,TRUE,PvGTSeq271/PvGTSeq258/PvGTSeq249
PVP01_0109700_1,PvP01_01_v1,462756,462895,462826,140,604,PVP01_0109700,PVP01_0109700,GCAGCGTCAGATGTGTATAAGAGACAGTCCGCACGGTTCGTATGTAG,TGGGCTCGGAGATGTGTATAAGAGACAGAGTTGTTTCACCGGCAAACG,TCCGCACGGTTCGTATGTAG,AGTTGTTTCACCGGCAAACG,20,20,47,48,3,TRUE,PvGTSeq271/PvGTSeq258/PvGTSeq249
PVP01_0109700_2,PvP01_01_v1,463336,463524,463430,189,297743,PVP01_0109700,PVP01_0109700,GCAGCGTCAGATGTGTATAAGAGACAGCCATTTCGTTTTTTCTTTCTCTTTCCA,TGGGCTCGGAGATGTGTATAAGAGACAGATCCCCAGAAGAGGAAACGC,CCATTTCGTTTTTTCTTTCTCTTTCCA,ATCCCCAGAAGAGGAAACGC,27,20,54,48,3,FALSE,PvGTSeq271/PvGTSeq258/PvGTSeq249
PVP01_0116700,PvP01_01_v1,761136,761209,761173,74,10962,PVP01_0116700,PVP01_0116700,GCAGCGTCAGATGTGTATAAGAGACAGTTGGAGAGCCTTCCTCAGGT,TGGGCTCGGAGATGTGTATAAGAGACAGGAGTCCCCTGAAGGCGC,TTGGAGAGCCTTCCTCAGGT,GAGTCCCCTGAAGGCGC,20,17,47,45,3,FALSE,PvGTSeq271/PvGTSeq258/PvGTSeq249
PVP01_0117000,PvP01_01_v1,772085,772184,772135,100,130784,PVP01_0117000,PVP01_0117000,GCAGCGTCAGATGTGTATAAGAGACAGCGCGGCAGAAAAATGTTCGA,TGGGCTCGGAGATGTGTATAAGAGACAGCCCTTTCCCCCCTTTCCAAA,CGCGGCAGAAAAATGTTCGA,CCCTTTCCCCCCTTTCCAAA,20,20,47,48,5,FALSE,PvGTSeq271/PvGTSeq258/PvGTSeq249
PVP01_0119600,PvP01_01_v1,902848,902990,902919,143,Inf,PVP01_0119600,PVP01_0119600,GCAGCGTCAGATGTGTATAAGAGACAGGGATCTGCCATTCCTGCGAT,TGGGCTCGGAGATGTGTATAAGAGACAGGTGAAGGGGAGGCATTGTCA,GGATCTGCCATTCCTGCGAT,GTGAAGGGGAGGCATTGTCA,20,20,47,48,3,FALSE,PvGTSeq271/PvGTSeq258/PvGTSeq249
PVP01_0202600,PvP01_02_v1,135273,135414,135344,142,18783,PVP01_0202600,PVP01_0202600,GCAGCGTCAGATGTGTATAAGAGACAGACCCCCTCACCTTCCATGAT,TGGGCTCGGAGATGTGTATAAGAGACAGGGAACGGGAATCTAGCGCAT,ACCCCCTCACCTTCCATGAT,GGAACGGGAATCTAGCGCAT,20,20,47,48,3,FALSE,PvGTSeq271/PvGTSeq258/PvGTSeq249
pvmrp1_2,PvP01_02_v1,154081,154173,154127,93,193,PVP01_0203000,pvmrp1,GCAGCGTCAGATGTGTATAAGAGACAGCCGTATGCAGTCATCCGTCA,TGGGCTCGGAGATGTGTATAAGAGACAGATTGAACATGAATGATTTGCACAAGT,CCGTATGCAGTCATCCGTCA,ATTGAACATGAATGATTTGCACAAGT,20,26,47,54,3,FALSE,PvGTSeq271/PvGTSeq258/PvGTSeq249
pvmrp1_3,PvP01_02_v1,154289,154351,154320,63,841,PVP01_0203000,pvmrp1,GCAGCGTCAGATGTGTATAAGAGACAGCGTTCTGACGTTCCAGTTGTG,TGGGCTCGGAGATGTGTATAAGAGACAGACAGTAGAAGGAAGAGACATTGGG,CGTTCTGACGTTCCAGTTGTG,ACAGTAGAAGGAAGAGACATTGGG,21,24,48,52,3,FALSE,PvGTSeq271/PvGTSeq258/PvGTSeq249
pvmrp1_6,PvP01_02_v1,155071,155251,155161,181,646,PVP01_0203000,pvmrp1,GCAGCGTCAGATGTGTATAAGAGACAGGGTCTCTACGTAACGCTCGT,TGGGCTCGGAGATGTGTATAAGAGACAGTGGTGAAAGATGCCGTTATTGTT,GGTCTCTACGTAACGCTCGT,TGGTGAAAGATGCCGTTATTGTT,20,23,47,51,2,FALSE,PvGTSeq271/PvGTSeq258/PvGTSeq249
pvmrp1_7,PvP01_02_v1,155722,155892,155807,171,334,PVP01_0203000,pvmrp1,GCAGCGTCAGATGTGTATAAGAGACAGAACGCCTCCAACTTTGCTCA,TGGGCTCGGAGATGTGTATAAGAGACAGCATAAATGGCTGCGCTGACC,AACGCCTCCAACTTTGCTCA,CATAAATGGCTGCGCTGACC,20,20,47,48,2,FALSE,PvGTSeq271/PvGTSeq258/PvGTSeq249
pvmrp1_8,PvP01_02_v1,156062,156220,156141,159,827,PVP01_0203000,pvmrp1,GCAGCGTCAGATGTGTATAAGAGACAGTGGCTTCCACATTTCTCGGG,TGGGCTCGGAGATGTGTATAAGAGACAGTGACCTTTTTGAGAATATCCAGTACAAA,TGGCTTCCACATTTCTCGGG,TGACCTTTTTGAGAATATCCAGTACAAA,20,28,47,56,1,TRUE,PvGTSeq271/PvGTSeq258/PvGTSeq249
pvmrp1_10,PvP01_02_v1,156941,156994,156968,54,1148,PVP01_0203000,pvmrp1,GCAGCGTCAGATGTGTATAAGAGACAGTGCCTGATCCAACATTTCCAATAAC,TGGGCTCGGAGATGTGTATAAGAGACAGGGCACGATCGGAGGTATGAG,TGCCTGATCCAACATTTCCAATAAC,GGCACGATCGGAGGTATGAG,25,20,52,48,1,FALSE,PvGTSeq271/PvGTSeq258/PvGTSeq249
pvmrp1_12,PvP01_02_v1,158062,158169,158116,108,105801,PVP01_0203000,pvmrp1,GCAGCGTCAGATGTGTATAAGAGACAGAGATGTGTCCTCTTCCCCCA,TGGGCTCGGAGATGTGTATAAGAGACAGAGCTGTAACAGTGTTAAAAAAAATCCTT,AGATGTGTCCTCTTCCCCCA,AGCTGTAACAGTGTTAAAAAAAATCCTT,20,28,47,56,2,TRUE,PvGTSeq271/PvGTSeq258/PvGTSeq249
PSOP24,PvP01_02_v1,263843,263991,263917,149,61073,PVP01_0206300,PSOP24,GCAGCGTCAGATGTGTATAAGAGACAGGCAAAGTGGGCAGCAAATCA,TGGGCTCGGAGATGTGTATAAGAGACAGGAGTCGGTGCCCTTTTCTGG,GCAAAGTGGGCAGCAAATCA,GAGTCGGTGCCCTTTTCTGG,20,20,47,48,4,FALSE,PvGTSeq271/PvGTSeq258/PvGTSeq249
CCR4-3,PvP01_02_v1,324899,325080,324990,182,104535,PVP01_0207600,CCR4-3,GCAGCGTCAGATGTGTATAAGAGACAGCACCTGGTGGGAAGAAGGAC,TGGGCTCGGAGATGTGTATAAGAGACAGGGAATCTTCTCCCCTCCCCG,CACCTGGTGGGAAGAAGGAC,GGAATCTTCTCCCCTCCCCG,20,20,47,48,4,FALSE,PvGTSeq271/PvGTSeq258/PvGTSeq249
PVP01_0210500,PvP01_02_v1,429454,429596,429525,143,106037,PVP01_0210500,PVP01_0210500,GCAGCGTCAGATGTGTATAAGAGACAGAGACGTCATCAAAGAGTGGAACA,TGGGCTCGGAGATGTGTATAAGAGACAGAAAGGCCAAGGAAGTCCGTT,AGACGTCATCAAAGAGTGGAACA,AAAGGCCAAGGAAGTCCGTT,23,20,50,48,3,FALSE,PvGTSeq271/PvGTSeq258/PvGTSeq249
VPS53,PvP01_02_v1,535475,535649,535562,175,24162,PVP01_0212700,VPS53,GCAGCGTCAGATGTGTATAAGAGACAGGCGTTTGGCAGTCGCTAAA,TGGGCTCGGAGATGTGTATAAGAGACAGGTCGCAGGAAGACACAGTGA,GCGTTTGGCAGTCGCTAAA,GTCGCAGGAAGACACAGTGA,19,20,46,48,3,FALSE,PvGTSeq271/PvGTSeq258/PvGTSeq249
PVP01_0213400,PvP01_02_v1,559647,559800,559724,154,99743,PVP01_0213400,PVP01_0213400,GCAGCGTCAGATGTGTATAAGAGACAGTACTGCGGGGACTACTACGA,TGGGCTCGGAGATGTGTATAAGAGACAGCAATGTGAGTGGCGGTTTGG,TACTGCGGGGACTACTACGA,CAATGTGAGTGGCGGTTTGG,20,20,47,48,4,TRUE,PvGTSeq271/PvGTSeq258/PvGTSeq249
PVP01_0215600,PvP01_02_v1,659404,659529,659467,126,12054,PVP01_0215600,PVP01_0215600,GCAGCGTCAGATGTGTATAAGAGACAGCGATGCGTGCTTCTTAACCC,TGGGCTCGGAGATGTGTATAAGAGACAGAGCGGTGAAGTCAAACGACT,CGATGCGTGCTTCTTAACCC,AGCGGTGAAGTCAAACGACT,20,20,47,48,3,FALSE,PvGTSeq271/PvGTSeq258/PvGTSeq249
PVP01_0215800_1,PvP01_02_v1,671484,671558,671521,75,1471,PVP01_0215800,PVP01_0215800,GCAGCGTCAGATGTGTATAAGAGACAGGCCACCTTTGCGTTTCGTTA,TGGGCTCGGAGATGTGTATAAGAGACAGGAATAGAGCTGCTTGTTCGCG,GCCACCTTTGCGTTTCGTTA,GAATAGAGCTGCTTGTTCGCG,20,21,47,49,3,FALSE,PvGTSeq271/PvGTSeq258/PvGTSeq249
PVP01_0215800_2,PvP01_02_v1,672903,673080,672992,178,Inf,PVP01_0215800,PVP01_0215800,GCAGCGTCAGATGTGTATAAGAGACAGAGAAAACATGACAAAGTACGAGCG,TGGGCTCGGAGATGTGTATAAGAGACAGCCCCGATTGGTCCCTCATTC,AGAAAACATGACAAAGTACGAGCG,CCCCGATTGGTCCCTCATTC,24,20,51,48,3,FALSE,PvGTSeq271/PvGTSeq258/PvGTSeq249
PVP01_0302300,PvP01_03_v1,111140,111314,111227,175,20874,PVP01_0302300,PVP01_0302300,GCAGCGTCAGATGTGTATAAGAGACAGGTTCTGCTTTCTCCCAACCCT,TGGGCTCGGAGATGTGTATAAGAGACAGTGCGGAACACTTGAGTCACT,GTTCTGCTTTCTCCCAACCCT,TGCGGAACACTTGAGTCACT,21,20,48,48,5,FALSE,PvGTSeq271/PvGTSeq258/PvGTSeq249
PVP01_0302700,PvP01_03_v1,132029,132173,132101,145,104810,PVP01_0302700,PVP01_0302700,GCAGCGTCAGATGTGTATAAGAGACAGGTAAACGTGGAGTGCAACCG,TGGGCTCGGAGATGTGTATAAGAGACAGCCACACTGGGTGCAAGTGAT,GTAAACGTGGAGTGCAACCG,CCACACTGGGTGCAAGTGAT,20,20,47,48,3,FALSE,PvGTSeq271/PvGTSeq258/PvGTSeq249
SEC24B,PvP01_03_v1,236841,236981,236911,141,15167,PVP01_0304500,SEC24B,GCAGCGTCAGATGTGTATAAGAGACAGGGGGCTTGCTATATGGCGTA,TGGGCTCGGAGATGTGTATAAGAGACAGCCGCACAGTAATGCCTCGTA,GGGGCTTGCTATATGGCGTA,CCGCACAGTAATGCCTCGTA,20,20,47,48,4,TRUE,PvGTSeq271/PvGTSeq258/PvGTSeq249
LISP2,PvP01_03_v1,251975,252180,252078,206,31349,PVP01_0304700,LISP2,GCAGCGTCAGATGTGTATAAGAGACAGCGATTTGGAATCCCCTTCTGC,TGGGCTCGGAGATGTGTATAAGAGACAGCCCCAAGAAAACCCCACCTT,CGATTTGGAATCCCCTTCTGC,CCCCAAGAAAACCCCACCTT,21,20,48,48,14,TRUE,PvGTSeq271/PvGTSeq258/PvGTSeq249
RON1,PvP01_03_v1,283354,283500,283427,147,36902,PVP01_0305300,RON1,GCAGCGTCAGATGTGTATAAGAGACAGCATCCATGGTAAGCTGCCCA,TGGGCTCGGAGATGTGTATAAGAGACAGCACAAGGGAGACGAACTGCT,CATCCATGGTAAGCTGCCCA,CACAAGGGAGACGAACTGCT,20,20,47,48,3,TRUE,PvGTSeq271/PvGTSeq258/PvGTSeq249
PVP01_0306200,PvP01_03_v1,320271,320386,320329,116,150435,PVP01_0306200,PVP01_0306200,GCAGCGTCAGATGTGTATAAGAGACAGGTCGACCTCTCCTGCCAATT,TGGGCTCGGAGATGTGTATAAGAGACAGGCGCACAGTGAAGCAGATTT,GTCGACCTCTCCTGCCAATT,GCGCACAGTGAAGCAGATTT,20,20,47,48,3,FALSE,PvGTSeq271/PvGTSeq258/PvGTSeq249
pvdmt2_1,PvP01_03_v1,553503,553511,553507,9,80619,PVP01_0312700,pvdmt2,GCAGCGTCAGATGTGTATAAGAGACAGTGGAGAATATAAAGAAGAAGCAGGGA,TGGGCTCGGAGATGTGTATAAGAGACAGTCCCAAAAAACTTAGCCAAATGGT,TGGAGAATATAAAGAAGAAGCAGGGA,TCCCAAAAAACTTAGCCAAATGGT,26,24,53,52,0,TRUE,PvGTSeq271/PvGTSeq258/PvGTSeq249
CRMP2,PvP01_03_v1,634027,634224,634126,198,27448,PVP01_0314000,CRMP2,GCAGCGTCAGATGTGTATAAGAGACAGGGCATTTTCTATGCTCTGTTCGT,TGGGCTCGGAGATGTGTATAAGAGACAGTGCAGTTAAGGCAGACCCAT,GGCATTTTCTATGCTCTGTTCGT,TGCAGTTAAGGCAGACCCAT,23,20,50,48,3,FALSE,PvGTSeq271/PvGTSeq258/PvGTSeq249
PVP01_0314600,PvP01_03_v1,661477,661670,661574,194,90173,PVP01_0314600,PVP01_0314600,GCAGCGTCAGATGTGTATAAGAGACAGTGGAGGAGAATTACGGGAAGGA,TGGGCTCGGAGATGTGTATAAGAGACAGACGGCGGTACAAAATCTCGT,TGGAGGAGAATTACGGGAAGGA,ACGGCGGTACAAAATCTCGT,22,20,49,48,2,TRUE,PvGTSeq271/PvGTSeq258/PvGTSeq249
PSOP1,PvP01_03_v1,751664,751830,751747,167,35382,PVP01_0317400,PSOP1,GCAGCGTCAGATGTGTATAAGAGACAGCCATGTTTGGTCTCCTAGCCA,TGGGCTCGGAGATGTGTATAAGAGACAGATCTCGTAGGGGGCAGTCTT,CCATGTTTGGTCTCCTAGCCA,ATCTCGTAGGGGGCAGTCTT,21,20,48,48,3,FALSE,PvGTSeq271/PvGTSeq258/PvGTSeq249
PVP01_0318900,PvP01_03_v1,787067,787191,787129,125,66592,PVP01_0318900,PVP01_0318900,GCAGCGTCAGATGTGTATAAGAGACAGCCACGCGTGTATAAAGCTGC,TGGGCTCGGAGATGTGTATAAGAGACAGCTACCCATGGAGCCATCTCG,CCACGCGTGTATAAAGCTGC,CTACCCATGGAGCCATCTCG,20,20,47,48,3,FALSE,PvGTSeq271/PvGTSeq258/PvGTSeq249
BDP6,PvP01_03_v1,853690,853751,853721,62,15773,PVP01_0320400,BDP6,GCAGCGTCAGATGTGTATAAGAGACAGAGTGACTTCCCTCTCCAGCA,TGGGCTCGGAGATGTGTATAAGAGACAGGGGGCCACTCTAGATAGCCA,AGTGACTTCCCTCTCCAGCA,GGGGCCACTCTAGATAGCCA,20,20,47,48,3,FALSE,PvGTSeq271/PvGTSeq258/PvGTSeq249
PVP01_0320600,PvP01_03_v1,869436,869551,869494,116,Inf,PVP01_0320600,PVP01_0320600,GCAGCGTCAGATGTGTATAAGAGACAGCCTGGGAAAGATCTGTGCGT,TGGGCTCGGAGATGTGTATAAGAGACAGGATGCTTTTCATTCCGGCGT,CCTGGGAAAGATCTGTGCGT,GATGCTTTTCATTCCGGCGT,20,20,47,48,3,TRUE,PvGTSeq271/PvGTSeq258/PvGTSeq249
PVP01_0405000_1,PvP01_04_v1,226216,226362,226289,147,887,PVP01_0405000,PVP01_0405000,GCAGCGTCAGATGTGTATAAGAGACAGGCCTCTTCCGTAGCATCCTC,TGGGCTCGGAGATGTGTATAAGAGACAGAGCTGAATCAGAGAAGCTAGCA,GCCTCTTCCGTAGCATCCTC,AGCTGAATCAGAGAAGCTAGCA,20,22,47,50,3,FALSE,PvGTSeq271/PvGTSeq258/PvGTSeq249
PVP01_0405000_2,PvP01_04_v1,227090,227261,227176,172,82205,PVP01_0405000,PVP01_0405000,GCAGCGTCAGATGTGTATAAGAGACAGTAGTTTCCTCCGCAACGTCG,TGGGCTCGGAGATGTGTATAAGAGACAGAGAAGCTGAACGTGAAGCCA,TAGTTTCCTCCGCAACGTCG,AGAAGCTGAACGTGAAGCCA,20,20,47,48,3,FALSE,PvGTSeq271/PvGTSeq258/PvGTSeq249
CDPK1,PvP01_04_v1,309311,309450,309381,140,27906,PVP01_0407500,CDPK1,GCAGCGTCAGATGTGTATAAGAGACAGTGCCTTTTCTGTGTGCCCAT,TGGGCTCGGAGATGTGTATAAGAGACAGGGGCAGTCTCGAGAAGGAAA,TGCCTTTTCTGTGTGCCCAT,GGGCAGTCTCGAGAAGGAAA,20,20,47,48,4,FALSE,PvGTSeq271/PvGTSeq258/PvGTSeq249
ATG11,PvP01_04_v1,337238,337336,337287,99,145595,PVP01_0408300,ATG11,GCAGCGTCAGATGTGTATAAGAGACAGCTGCGTAATGGTCCTCTCGT,TGGGCTCGGAGATGTGTATAAGAGACAGGCGAAGAGGGAGCTCGAAA,CTGCGTAATGGTCCTCTCGT,GCGAAGAGGGAGCTCGAAA,20,19,47,47,3,FALSE,PvGTSeq271/PvGTSeq258/PvGTSeq249
MATE,PvP01_04_v1,482835,482928,482882,94,37885,PVP01_0412100,MATE,GCAGCGTCAGATGTGTATAAGAGACAGTTGGTGCGCGTCGTCTTTAT,TGGGCTCGGAGATGTGTATAAGAGACAGTCATCCAACGGATCGCACAA,TTGGTGCGCGTCGTCTTTAT,TCATCCAACGGATCGCACAA,20,20,47,48,4,FALSE,PvGTSeq271/PvGTSeq258/PvGTSeq249
PVP01_0412700,PvP01_04_v1,520724,520809,520767,86,242498,PVP01_0412700,PVP01_0412700,GCAGCGTCAGATGTGTATAAGAGACAGACGCCCTTGTAAAAAACGCC,TGGGCTCGGAGATGTGTATAAGAGACAGGTGTCTGCAGGGCTTTGTTG,ACGCCCTTGTAAAAAACGCC,GTGTCTGCAGGGCTTTGTTG,20,20,47,48,3,FALSE,PvGTSeq271/PvGTSeq258/PvGTSeq249
MSP5,PvP01_04_v1,763203,763327,763265,125,67083,PVP01_0418400,MSP5,GCAGCGTCAGATGTGTATAAGAGACAGAAAGCAAAACGGCAGATGCG,TGGGCTCGGAGATGTGTATAAGAGACAGAGTGAAGTCTGCTGTCGTCG,AAAGCAAAACGGCAGATGCG,AGTGAAGTCTGCTGTCGTCG,20,20,47,48,4,FALSE,PvGTSeq271/PvGTSeq258/PvGTSeq249
HT1,PvP01_04_v1,830301,830394,830348,94,2966,PVP01_0420400,HT1,GCAGCGTCAGATGTGTATAAGAGACAGGCCTTCTTACCCACTGCCAT,TGGGCTCGGAGATGTGTATAAGAGACAGAGGTAAATCCACAGCACGGG,GCCTTCTTACCCACTGCCAT,AGGTAAATCCACAGCACGGG,20,20,47,48,10,FALSE,PvGTSeq271/PvGTSeq258/PvGTSeq249
PVP01_0420500,PvP01_04_v1,833244,833383,833314,140,79653,PVP01_0420500,PVP01_0420500,GCAGCGTCAGATGTGTATAAGAGACAGAGCCATGTTGGAAGCTCCTC,TGGGCTCGGAGATGTGTATAAGAGACAGGTCTCGCCTGATTTGGTCGA,AGCCATGTTGGAAGCTCCTC,GTCTCGCCTGATTTGGTCGA,20,20,47,48,3,FALSE,PvGTSeq271/PvGTSeq258/PvGTSeq249
ETRAMP11.2,PvP01_04_v1,912877,913056,912967,180,Inf,PVP01_0422600,ETRAMP11.2,GCAGCGTCAGATGTGTATAAGAGACAGCGCCTTTGTGCCTTTATTGGT,TGGGCTCGGAGATGTGTATAAGAGACAGCCATTGCTTCTGGTATTGCCG,CGCCTTTGTGCCTTTATTGGT,CCATTGCTTCTGGTATTGCCG,21,21,48,49,4,FALSE,PvGTSeq271/PvGTSeq258/PvGTSeq249
TRAG38,PvP01_05_v1,151626,151766,151696,141,18824,PVP01_0503600,TRAG38,GCAGCGTCAGATGTGTATAAGAGACAGAAGCGCAATGGGAAAAATGGA,TGGGCTCGGAGATGTGTATAAGAGACAGGCTTCTTGCAACCATTTTGCTG,AAGCGCAATGGGAAAAATGGA,GCTTCTTGCAACCATTTTGCTG,21,22,48,50,3,TRUE,PvGTSeq271/PvGTSeq258/PvGTSeq249
PVP01_0504000,PvP01_05_v1,170472,170567,170520,96,64316,PVP01_0504000,PVP01_0504000,GCAGCGTCAGATGTGTATAAGAGACAGACGATTCCTCAGCGTCGAAA,TGGGCTCGGAGATGTGTATAAGAGACAGTCTGATGAAGAACAGGACCAAGA,ACGATTCCTCAGCGTCGAAA,TCTGATGAAGAACAGGACCAAGA,20,23,47,51,3,FALSE,PvGTSeq271/PvGTSeq258/PvGTSeq249
LSM8,PvP01_05_v1,234789,234882,234836,94,28633,PVP01_0505100,LSM8,GCAGCGTCAGATGTGTATAAGAGACAGGTCAAAACTAGGTGTGCGCC,TGGGCTCGGAGATGTGTATAAGAGACAGCCGGTAAGGAGAAGTGCCTC,GTCAAAACTAGGTGTGCGCC,CCGGTAAGGAGAAGTGCCTC,20,20,47,48,3,FALSE,PvGTSeq271/PvGTSeq258/PvGTSeq249
FT1,PvP01_05_v1,263392,263545,263469,154,200399,PVP01_0505800,FT1,GCAGCGTCAGATGTGTATAAGAGACAGGCCTTTTCCCCATCTTCAACG,TGGGCTCGGAGATGTGTATAAGAGACAGTTCTTCGCCACTTCCTCACC,GCCTTTTCCCCATCTTCAACG,TTCTTCGCCACTTCCTCACC,21,20,48,48,4,FALSE,PvGTSeq271/PvGTSeq258/PvGTSeq249
LipB,PvP01_05_v1,463780,463956,463868,177,99772,PVP01_0510700,LipB,GCAGCGTCAGATGTGTATAAGAGACAGACACTCCGTGCTACACCTTG,TGGGCTCGGAGATGTGTATAAGAGACAGTGCATTTTGTGAAAAGCTGTCAAA,ACACTCCGTGCTACACCTTG,TGCATTTTGTGAAAAGCTGTCAAA,20,24,47,52,3,FALSE,PvGTSeq271/PvGTSeq258/PvGTSeq249
PVP01_0513400,PvP01_05_v1,563563,563717,563640,155,172593,PVP01_0513400,PVP01_0513400,GCAGCGTCAGATGTGTATAAGAGACAGTGAAGAATGACGCGGGGAAA,TGGGCTCGGAGATGTGTATAAGAGACAGAGAGAAAGCTCCCATCGCTG,TGAAGAATGACGCGGGGAAA,AGAGAAAGCTCCCATCGCTG,20,20,47,48,3,FALSE,PvGTSeq271/PvGTSeq258/PvGTSeq249
RON5,PvP01_05_v1,736194,736271,736233,78,43696,PVP01_0517600,RON5,GCAGCGTCAGATGTGTATAAGAGACAGCCGCGGGAAAGACAAAACAG,TGGGCTCGGAGATGTGTATAAGAGACAGGGTAGGAGAGGTAGCGGTGA,CCGCGGGAAAGACAAAACAG,GGTAGGAGAGGTAGCGGTGA,20,20,47,48,3,FALSE,PvGTSeq271/PvGTSeq258/PvGTSeq249
HSP20,PvP01_05_v1,779854,780003,779929,150,2720,PVP01_0518800,HSP20,GCAGCGTCAGATGTGTATAAGAGACAGCGCAATGGTGTTACAGACGG,TGGGCTCGGAGATGTGTATAAGAGACAGTGTTCGAGACCTACGGGGAT,CGCAATGGTGTTACAGACGG,TGTTCGAGACCTACGGGGAT,20,20,47,48,3,TRUE,PvGTSeq271/PvGTSeq258/PvGTSeq249
PVP01_0518900,PvP01_05_v1,782576,782722,782649,147,294757,PVP01_0518900,PVP01_0518900,GCAGCGTCAGATGTGTATAAGAGACAGGAAGGGGAGGTGTGTGTGAG,TGGGCTCGGAGATGTGTATAAGAGACAGGGTGCGCAAGGAGAGAAAAA,GAAGGGGAGGTGTGTGTGAG,GGTGCGCAAGGAGAGAAAAA,20,20,47,48,3,FALSE,PvGTSeq271/PvGTSeq258/PvGTSeq249
pvdhfr,PvP01_05_v1,1077378,1077433,1077406,56,66426,PVP01_0526600,pvdhfr,GCAGCGTCAGATGTGTATAAGAGACAGAACCCATGGAGGACCTTTCAG,TGGGCTCGGAGATGTGTATAAGAGACAGTGAACGGTTCATTCTTTGTCCC,AACCCATGGAGGACCTTTCAG,TGAACGGTTCATTCTTTGTCCC,21,22,48,50,1,FALSE,PvGTSeq271/PvGTSeq258/PvGTSeq249
PVP01_0527700,PvP01_05_v1,1143738,1143926,1143832,189,123328,PVP01_0527700,PVP01_0527700,GCAGCGTCAGATGTGTATAAGAGACAGTCCTCTGGTTGTTGTCGCTC,TGGGCTCGGAGATGTGTATAAGAGACAGCAGAGCCATGCCAACAAACA,TCCTCTGGTTGTTGTCGCTC,CAGAGCCATGCCAACAAACA,20,20,47,48,3,FALSE,PvGTSeq271/PvGTSeq258/PvGTSeq249
PVP01_0530700,PvP01_05_v1,1301584,1301698,1301641,115,Inf,PVP01_0530700,PVP01_0530700,GCAGCGTCAGATGTGTATAAGAGACAGTGGTTGGCACTGACTTGGTT,TGGGCTCGGAGATGTGTATAAGAGACAGGCCAAGTGCCGAGGACTC,TGGTTGGCACTGACTTGGTT,GCCAAGTGCCGAGGACTC,20,18,47,46,14,TRUE,PvGTSeq271/PvGTSeq258/PvGTSeq249
ETRAMP,PvP01_06_v1,87765,87917,87841,153,6751,PVP01_0602100,ETRAMP,GCAGCGTCAGATGTGTATAAGAGACAGACTTATCGAAGAATGAATCCCCCA,TGGGCTCGGAGATGTGTATAAGAGACAGTGAGCCATTTACAGATTTGGGTG,ACTTATCGAAGAATGAATCCCCCA,TGAGCCATTTACAGATTTGGGTG,24,23,51,51,5,FALSE,PvGTSeq271/PvGTSeq258/PvGTSeq249
PVP01_0602200,PvP01_06_v1,94503,94680,94592,178,4463,PVP01_0602200,PVP01_0602200,GCAGCGTCAGATGTGTATAAGAGACAGCACCAACAACATTGCCGAGG,TGGGCTCGGAGATGTGTATAAGAGACAGTGCAAAAGTCTCTCCGGACA,CACCAACAACATTGCCGAGG,TGCAAAAGTCTCTCCGGACA,20,20,47,48,4,TRUE,PvGTSeq271/PvGTSeq258/PvGTSeq249
PVP01_0602400,PvP01_06_v1,98976,99133,99055,158,550517,PVP01_0602400,PVP01_0602400,GCAGCGTCAGATGTGTATAAGAGACAGCCGTGCATGCCCACCAA,TGGGCTCGGAGATGTGTATAAGAGACAGTGGCATTCATTCCTACGTTGC,CCGTGCATGCCCACCAA,TGGCATTCATTCCTACGTTGC,17,21,44,49,4,TRUE,PvGTSeq271/PvGTSeq258/PvGTSeq249
PVP01_0615400,PvP01_06_v1,649499,649644,649572,146,94500,PVP01_0615400,PVP01_0615400,GCAGCGTCAGATGTGTATAAGAGACAGGCACCACTGTCCATGCTACT,TGGGCTCGGAGATGTGTATAAGAGACAGGGTCACTGCGTCGAACAGTA,GCACCACTGTCCATGCTACT,GGTCACTGCGTCGAACAGTA,20,20,47,48,3,FALSE,PvGTSeq271/PvGTSeq258/PvGTSeq249
AdoMetDC_ODC,PvP01_06_v1,744015,744129,744072,115,47879,PVP01_0618200,AdoMetDC/ODC,GCAGCGTCAGATGTGTATAAGAGACAGTGCTGTTGCAGGTGAGGTTA,TGGGCTCGGAGATGTGTATAAGAGACAGGACTACCAATGGGGGGGTTG,TGCTGTTGCAGGTGAGGTTA,GACTACCAATGGGGGGGTTG,20,20,47,48,3,FALSE,PvGTSeq271/PvGTSeq258/PvGTSeq249
TLAP2,PvP01_06_v1,791899,792002,791951,104,84273,PVP01_0619400,TLAP2,GCAGCGTCAGATGTGTATAAGAGACAGACCCATCAGTGTTGAGAGCG,TGGGCTCGGAGATGTGTATAAGAGACAGACCTGACTTGACATGGCTGG,ACCCATCAGTGTTGAGAGCG,ACCTGACTTGACATGGCTGG,20,20,47,48,3,FALSE,PvGTSeq271/PvGTSeq258/PvGTSeq249
PyKII,PvP01_06_v1,876140,876307,876224,168,107867,PVP01_0621500,PyKII,GCAGCGTCAGATGTGTATAAGAGACAGAGGGTTGGCAGAGGTAAAGC,TGGGCTCGGAGATGTGTATAAGAGACAGGCTCGAAAGCTGCAACTCAC,AGGGTTGGCAGAGGTAAAGC,GCTCGAAAGCTGCAACTCAC,20,20,47,48,3,FALSE,PvGTSeq271/PvGTSeq258/PvGTSeq249
DBP_1,PvP01_06_v1,984037,984145,984091,109,10176,PVP01_0623800,DBP,GCAGCGTCAGATGTGTATAAGAGACAGATTGCCGAAGCTGGAAAGGA,TGGGCTCGGAGATGTGTATAAGAGACAGACCATTATAGGGGGTTACCAATGG,ATTGCCGAAGCTGGAAAGGA,ACCATTATAGGGGGTTACCAATGG,20,24,47,52,4,FALSE,PvGTSeq271/PvGTSeq258/PvGTSeq249
PVP01_0624000,PvP01_06_v1,994215,994319,994267,105,21775,PVP01_0624000,PVP01_0624000,GCAGCGTCAGATGTGTATAAGAGACAGCCAGAGGATGGTTACTATAGAAGAGAA,TGGGCTCGGAGATGTGTATAAGAGACAGGGTGGTGGGGGGAGTTTTAC,CCAGAGGATGGTTACTATAGAAGAGAA,GGTGGTGGGGGGAGTTTTAC,27,20,54,48,3,FALSE,PvGTSeq271/PvGTSeq258/PvGTSeq249
PVP01_0624400,PvP01_06_v1,1015964,1016119,1016042,156,Inf,PVP01_0624400,PVP01_0624400,GCAGCGTCAGATGTGTATAAGAGACAGACGGAAAAAAAATTTGCCCTAAGGT,TGGGCTCGGAGATGTGTATAAGAGACAGCCCTTAACCTTATCCACTACACCA,ACGGAAAAAAAATTTGCCCTAAGGT,CCCTTAACCTTATCCACTACACCA,25,24,52,52,3,FALSE,PvGTSeq271/PvGTSeq258/PvGTSeq249
PVP01_0707300,PvP01_07_v1,387008,387152,387080,145,24619,PVP01_0707300,PVP01_0707300,GCAGCGTCAGATGTGTATAAGAGACAGACGAGTTTTTCAAGCTTAACGTGT,TGGGCTCGGAGATGTGTATAAGAGACAGCGCTGGAGCTCCCTATGATG,ACGAGTTTTTCAAGCTTAACGTGT,CGCTGGAGCTCCCTATGATG,24,20,51,48,3,FALSE,PvGTSeq271/PvGTSeq258/PvGTSeq249
SPM1,PvP01_07_v1,411648,411749,411699,102,130199,PVP01_0708000,SPM1,GCAGCGTCAGATGTGTATAAGAGACAGTACCGGAGTGAATTTGGCCC,TGGGCTCGGAGATGTGTATAAGAGACAGGTGGGGGTAGCTCAGGTAGA,TACCGGAGTGAATTTGGCCC,GTGGGGGTAGCTCAGGTAGA,20,20,47,48,5,FALSE,PvGTSeq271/PvGTSeq258/PvGTSeq249
PVP01_0710900,PvP01_07_v1,541815,541980,541898,166,155545,PVP01_0710900,PVP01_0710900,GCAGCGTCAGATGTGTATAAGAGACAGTGGTTACCCGTTCATTCGCT,TGGGCTCGGAGATGTGTATAAGAGACAGAAGAACGACAACCCGATCGG,TGGTTACCCGTTCATTCGCT,AAGAACGACAACCCGATCGG,20,20,47,48,6,TRUE,PvGTSeq271/PvGTSeq258/PvGTSeq249
GAP50,PvP01_07_v1,732881,733037,732959,157,75767,PVP01_0716400,GAP50,GCAGCGTCAGATGTGTATAAGAGACAGAGGTTGGTCTCCCACAACAA,TGGGCTCGGAGATGTGTATAAGAGACAGACTGTGTCTAGTGGACCCTCT,AGGTTGGTCTCCCACAACAA,ACTGTGTCTAGTGGACCCTCT,20,21,47,49,3,FALSE,PvGTSeq271/PvGTSeq258/PvGTSeq249
RCC-PIP,PvP01_07_v1,808667,808784,808726,118,98391,PVP01_0718300,RCC-PIP,GCAGCGTCAGATGTGTATAAGAGACAGTCACTTTGGAGCCTTTCGGG,TGGGCTCGGAGATGTGTATAAGAGACAGCGAAAATACCCGCCGAGGAT,TCACTTTGGAGCCTTTCGGG,CGAAAATACCCGCCGAGGAT,20,20,47,48,3,FALSE,PvGTSeq271/PvGTSeq258/PvGTSeq249
pBAS,PvP01_07_v1,907032,907201,907117,170,103051,PVP01_0720900,pBAS,GCAGCGTCAGATGTGTATAAGAGACAGTCGAGAGTGATTTCAGCTACACA,TGGGCTCGGAGATGTGTATAAGAGACAGGCACCCCCGAGAGTTTTACA,TCGAGAGTGATTTCAGCTACACA,GCACCCCCGAGAGTTTTACA,23,20,50,48,4,TRUE,PvGTSeq271/PvGTSeq258/PvGTSeq249
ATAT,PvP01_07_v1,1010079,1010257,1010168,179,197265,PVP01_0723400,ATAT,GCAGCGTCAGATGTGTATAAGAGACAGGGAGAGGGGGAGATTGTGGA,TGGGCTCGGAGATGTGTATAAGAGACAGGCTCACCATAATCGGGAGGG,GGAGAGGGGGAGATTGTGGA,GCTCACCATAATCGGGAGGG,20,20,47,48,5,FALSE,PvGTSeq271/PvGTSeq258/PvGTSeq249
MSP1P,PvP01_07_v1,1207372,1207494,1207433,123,10544,PVP01_0728800,MSP1P,GCAGCGTCAGATGTGTATAAGAGACAGGAAAGCGCTTCACCGATGAG,TGGGCTCGGAGATGTGTATAAGAGACAGTGCTTACGCAGGGAGTTCTT,GAAAGCGCTTCACCGATGAG,TGCTTACGCAGGGAGTTCTT,20,20,47,48,3,FALSE,PvGTSeq271/PvGTSeq258/PvGTSeq249
MSP1,PvP01_07_v1,1217931,1218023,1217977,93,82897,PVP01_0728900,MSP1,GCAGCGTCAGATGTGTATAAGAGACAGCCGCTTACGCATGTCACAAG,TGGGCTCGGAGATGTGTATAAGAGACAGAGGAGGTCCAATTCATCGCA,CCGCTTACGCATGTCACAAG,AGGAGGTCCAATTCATCGCA,20,20,47,48,17,FALSE,PvGTSeq271/PvGTSeq258/PvGTSeq249
MAM3,PvP01_07_v1,1300782,1300965,1300874,184,80107,PVP01_0730800,MAM3,GCAGCGTCAGATGTGTATAAGAGACAGCCCCCCTCCCTTGTTCATTC,TGGGCTCGGAGATGTGTATAAGAGACAGTCAGTCCATCAAAGCTGCGA,CCCCCCTCCCTTGTTCATTC,TCAGTCCATCAAAGCTGCGA,20,20,47,48,3,FALSE,PvGTSeq271/PvGTSeq258/PvGTSeq249
PVP01_0733600,PvP01_07_v1,1380926,1381035,1380981,110,1201,PVP01_0733600,PVP01_0733600,GCAGCGTCAGATGTGTATAAGAGACAGCGTAGGAGTACTTGGGCGTC,TGGGCTCGGAGATGTGTATAAGAGACAGTAGTTCAGCCAGCACAGACG,CGTAGGAGTACTTGGGCGTC,TAGTTCAGCCAGCACAGACG,20,20,47,48,3,FALSE,PvGTSeq271/PvGTSeq258/PvGTSeq249
SNRPB2,PvP01_07_v1,1382101,1382263,1382182,163,73498,PVP01_0733700,SNRPB2,GCAGCGTCAGATGTGTATAAGAGACAGAAGAGGGTGAAGACGTTGGC,TGGGCTCGGAGATGTGTATAAGAGACAGTTCGTCGTCTTCAACACCGT,AAGAGGGTGAAGACGTTGGC,TTCGTCGTCTTCAACACCGT,20,20,47,48,4,FALSE,PvGTSeq271/PvGTSeq258/PvGTSeq249
PVP01_0735100,PvP01_07_v1,1455581,1455778,1455680,198,Inf,PVP01_0735100,PVP01_0735100,GCAGCGTCAGATGTGTATAAGAGACAGCCTCGCTTGGATCCCTACCT,TGGGCTCGGAGATGTGTATAAGAGACAGCCCCCATTTTAGTCAGCGGA,CCTCGCTTGGATCCCTACCT,CCCCCATTTTAGTCAGCGGA,20,20,47,48,4,FALSE,PvGTSeq271/PvGTSeq258/PvGTSeq249
RBP2b_1,PvP01_08_v1,35568,35690,35629,123,445,PVP01_0800700,RBP2b,GCAGCGTCAGATGTGTATAAGAGACAGAGACAGATTTGAATATCACCTGCAAA,TGGGCTCGGAGATGTGTATAAGAGACAGCAACATATTGAGACTATCTTTGCCGA,AGACAGATTTGAATATCACCTGCAAA,CAACATATTGAGACTATCTTTGCCGA,26,26,53,54,3,FALSE,PvGTSeq271/PvGTSeq258/PvGTSeq249
RBP2b_2,PvP01_08_v1,36036,36111,36074,76,5088,PVP01_0800700,RBP2b,GCAGCGTCAGATGTGTATAAGAGACAGCATACGTCTCATCTATTAAAAGTGCGT,TGGGCTCGGAGATGTGTATAAGAGACAGGCTCAACAGCTCATCGACTTTC,CATACGTCTCATCTATTAAAAGTGCGT,GCTCAACAGCTCATCGACTTTC,27,22,54,50,4,FALSE,PvGTSeq271/PvGTSeq258/PvGTSeq249
RBP2b_3,PvP01_08_v1,41128,41196,41162,69,294482,PVP01_0800700,RBP2b,GCAGCGTCAGATGTGTATAAGAGACAGAAGCAAATGATCTTTCCGCACA,TGGGCTCGGAGATGTGTATAAGAGACAGTGTCCATTTCGGTGTGGTCA,AAGCAAATGATCTTTCCGCACA,TGTCCATTTCGGTGTGGTCA,22,20,49,48,3,FALSE,PvGTSeq271/PvGTSeq258/PvGTSeq249
HDA2,PvP01_08_v1,335560,335727,335644,168,400050,PVP01_0807700,HDA2,GCAGCGTCAGATGTGTATAAGAGACAGGCAGTTCGATGGAGCAACTG,TGGGCTCGGAGATGTGTATAAGAGACAGACGTTGGTAGAGAAGCCAGC,GCAGTTCGATGGAGCAACTG,ACGTTGGTAGAGAAGCCAGC,20,20,47,48,4,TRUE,PvGTSeq271/PvGTSeq258/PvGTSeq249
RIPR,PvP01_08_v1,735633,735754,735694,122,120878,PVP01_0816800,RIPR,GCAGCGTCAGATGTGTATAAGAGACAGTGTGTGACGCGATCAAATGC,TGGGCTCGGAGATGTGTATAAGAGACAGTCATGAGGAGTGGTTTCTGCC,TGTGTGACGCGATCAAATGC,TCATGAGGAGTGGTTTCTGCC,20,21,47,49,3,FALSE,PvGTSeq271/PvGTSeq258/PvGTSeq249
SPC25,PvP01_08_v1,856475,856668,856572,194,47705,PVP01_0819500,SPC25,GCAGCGTCAGATGTGTATAAGAGACAGCGAGCGGTACTTACCAGCAA,TGGGCTCGGAGATGTGTATAAGAGACAGGACTGCGAGGGTTTCACTCC,CGAGCGGTACTTACCAGCAA,GACTGCGAGGGTTTCACTCC,20,20,47,48,3,FALSE,PvGTSeq271/PvGTSeq258/PvGTSeq249
ABCI3,PvP01_08_v1,904199,904354,904277,156,10233,PVP01_0820500,ABCI3,GCAGCGTCAGATGTGTATAAGAGACAGGCCTTGCCCCGTTTCAAATT,TGGGCTCGGAGATGTGTATAAGAGACAGTATTCCGGGTGTACAGCAGC,GCCTTGCCCCGTTTCAAATT,TATTCCGGGTGTACAGCAGC,20,20,47,48,3,FALSE,PvGTSeq271/PvGTSeq258/PvGTSeq249
B9,PvP01_08_v1,1035524,1035591,1035558,68,75876,PVP01_0823000,B9,GCAGCGTCAGATGTGTATAAGAGACAGGATGTCAAAGTGAGCCGGGA,TGGGCTCGGAGATGTGTATAAGAGACAGACCTTCACCAACCACCAGTG,GATGTCAAAGTGAGCCGGGA,ACCTTCACCAACCACCAGTG,20,20,47,48,3,FALSE,PvGTSeq271/PvGTSeq258/PvGTSeq249
CTRP,PvP01_08_v1,1111389,1111478,1111434,90,162596,PVP01_0824900,CTRP,GCAGCGTCAGATGTGTATAAGAGACAGAGTAGCAGTCGTCCCAGTCT,TGGGCTCGGAGATGTGTATAAGAGACAGGGTGAGGAGAAACCGGGTAG,AGTAGCAGTCGTCCCAGTCT,GGTGAGGAGAAACCGGGTAG,20,20,47,48,5,TRUE,PvGTSeq271/PvGTSeq258/PvGTSeq249
EIF3K_1,PvP01_08_v1,1273952,1274107,1274030,156,418,PVP01_0829600,EIF3K,GCAGCGTCAGATGTGTATAAGAGACAGTATCGAGGAGGTTCAGGCCA,TGGGCTCGGAGATGTGTATAAGAGACAGCAAGCGGGGTGAGGCATATT,TATCGAGGAGGTTCAGGCCA,CAAGCGGGGTGAGGCATATT,20,20,47,48,3,TRUE,PvGTSeq271/PvGTSeq258/PvGTSeq249
EIF3K_2,PvP01_08_v1,1274382,1274514,1274448,133,196379,PVP01_0829600,EIF3K,GCAGCGTCAGATGTGTATAAGAGACAGACCTCAGCCTCATCAACCCT,TGGGCTCGGAGATGTGTATAAGAGACAGTGAAGCTATCGTGATTGGCCA,ACCTCAGCCTCATCAACCCT,TGAAGCTATCGTGATTGGCCA,20,21,47,49,4,FALSE,PvGTSeq271/PvGTSeq258/PvGTSeq249
PVP01_0834800,PvP01_08_v1,1470758,1470895,1470827,138,99456,PVP01_0834800,PVP01_0834800,GCAGCGTCAGATGTGTATAAGAGACAGCTGCTGGATGTACGGCGTTA,TGGGCTCGGAGATGTGTATAAGAGACAGTGTGACCAACCTGTCAACGG,CTGCTGGATGTACGGCGTTA,TGTGACCAACCTGTCAACGG,20,20,47,48,3,FALSE,PvGTSeq271/PvGTSeq258/PvGTSeq249
NSF,PvP01_08_v1,1570202,1570364,1570283,163,56823,PVP01_0837200,NSF,GCAGCGTCAGATGTGTATAAGAGACAGGCAGAGCAGGAGTACAAGCA,TGGGCTCGGAGATGTGTATAAGAGACAGCGGTTGGTCATCCCGATCAG,GCAGAGCAGGAGTACAAGCA,CGGTTGGTCATCCCGATCAG,20,20,47,48,3,FALSE,PvGTSeq271/PvGTSeq258/PvGTSeq249
PVP01_0838300,PvP01_08_v1,1627043,1627168,1627106,126,5112,PVP01_0838300,PVP01_0838300,GCAGCGTCAGATGTGTATAAGAGACAGTGCACGATTGGTTCCTTCGT,TGGGCTCGGAGATGTGTATAAGAGACAGCTGTCGAATGCACTAAAACGGT,TGCACGATTGGTTCCTTCGT,CTGTCGAATGCACTAAAACGGT,20,22,47,50,3,FALSE,PvGTSeq271/PvGTSeq258/PvGTSeq249
PVP01_0838400,PvP01_08_v1,1632134,1632301,1632218,168,Inf,PVP01_0838400,PVP01_0838400,GCAGCGTCAGATGTGTATAAGAGACAGCATTTTGATGATGCCACACGC,TGGGCTCGGAGATGTGTATAAGAGACAGGAAACAACATGGGCGACGG,CATTTTGATGATGCCACACGC,GAAACAACATGGGCGACGG,21,19,48,47,4,FALSE,PvGTSeq271/PvGTSeq258/PvGTSeq249
SufD,PvP01_09_v1,264615,264752,264684,138,5236,PVP01_0904200,SufD,GCAGCGTCAGATGTGTATAAGAGACAGTGAAAATCGATGAGGAAGCGTTC,TGGGCTCGGAGATGTGTATAAGAGACAGTCAGCACTGCTTTGGTCACT,TGAAAATCGATGAGGAAGCGTTC,TCAGCACTGCTTTGGTCACT,23,20,50,48,10,FALSE,PvGTSeq271/PvGTSeq258/PvGTSeq249
SYN13,PvP01_09_v1,299272,299401,299337,130,148942,PVP01_0904900,SYN13,GCAGCGTCAGATGTGTATAAGAGACAGGCACCTCCAATTTAACATTCGGT,TGGGCTCGGAGATGTGTATAAGAGACAGCAATCCTACACCTTACGGATCTCA,GCACCTCCAATTTAACATTCGGT,CAATCCTACACCTTACGGATCTCA,23,24,50,52,5,FALSE,PvGTSeq271/PvGTSeq258/PvGTSeq249
PVP01_0908400,PvP01_09_v1,448180,448378,448279,199,42654,PVP01_0908400,PVP01_0908400,GCAGCGTCAGATGTGTATAAGAGACAGTCCATTTTGCGCGTTTTTGAAA,TGGGCTCGGAGATGTGTATAAGAGACAGCCATGGAATGCCTCTCACGT,TCCATTTTGCGCGTTTTTGAAA,CCATGGAATGCCTCTCACGT,22,20,49,48,3,FALSE,PvGTSeq271/PvGTSeq258/PvGTSeq249
PCD,PvP01_09_v1,490886,490979,490933,94,92023,PVP01_0909100,PCD,GCAGCGTCAGATGTGTATAAGAGACAGGGGTGAAGTAGCATCCCCAC,TGGGCTCGGAGATGTGTATAAGAGACAGAGTCGCTCGTGTACTTGCAG,GGGTGAAGTAGCATCCCCAC,AGTCGCTCGTGTACTTGCAG,20,20,47,48,3,TRUE,PvGTSeq271/PvGTSeq258/PvGTSeq249
PVP01_0912400,PvP01_09_v1,582915,582996,582956,82,267365,PVP01_0912400,PVP01_0912400,GCAGCGTCAGATGTGTATAAGAGACAGAGAAAGTGTAAGCAGCCCCC,TGGGCTCGGAGATGTGTATAAGAGACAGAATCGTCTCCTCCTGTGGGT,AGAAAGTGTAAGCAGCCCCC,AATCGTCTCCTCCTGTGGGT,20,20,47,48,3,FALSE,PvGTSeq271/PvGTSeq258/PvGTSeq249
MLC_B,PvP01_09_v1,850270,850372,850321,103,116514,PVP01_0919300,MLC_B,GCAGCGTCAGATGTGTATAAGAGACAGGCATAAACGTGCGCAGAGAG,TGGGCTCGGAGATGTGTATAAGAGACAGATGACCGCAGCAAATTGAGC,GCATAAACGTGCGCAGAGAG,ATGACCGCAGCAAATTGAGC,20,20,47,48,3,FALSE,PvGTSeq271/PvGTSeq258/PvGTSeq249
GCN20,PvP01_09_v1,966783,966887,966835,105,229197,PVP01_0922300,GCN20,GCAGCGTCAGATGTGTATAAGAGACAGAACTCCATTCAGCAGCTGCA,TGGGCTCGGAGATGTGTATAAGAGACAGCAATTTGCTTTTCTGGCCTCCA,AACTCCATTCAGCAGCTGCA,CAATTTGCTTTTCTGGCCTCCA,20,22,47,50,5,FALSE,PvGTSeq271/PvGTSeq258/PvGTSeq249
PVP01_0927200,PvP01_09_v1,1195964,1196099,1196032,136,11839,PVP01_0927200,PVP01_0927200,GCAGCGTCAGATGTGTATAAGAGACAGAGCCGTCTTAACCTTCCAGC,TGGGCTCGGAGATGTGTATAAGAGACAGCCACATTGTACAGCTGCACG,AGCCGTCTTAACCTTCCAGC,CCACATTGTACAGCTGCACG,20,20,47,48,6,FALSE,PvGTSeq271/PvGTSeq258/PvGTSeq249
ATG23,PvP01_09_v1,1207801,1207941,1207871,141,73951,PVP01_0927400,ATG23,GCAGCGTCAGATGTGTATAAGAGACAGCGAGCACAGGTTGGACATCT,TGGGCTCGGAGATGTGTATAAGAGACAGGAGTCCAGCCGTTGCAAAGA,CGAGCACAGGTTGGACATCT,GAGTCCAGCCGTTGCAAAGA,20,20,47,48,3,TRUE,PvGTSeq271/PvGTSeq258/PvGTSeq249
PVP01_0931600,PvP01_09_v1,1356878,1357031,1356955,154,72174,PVP01_0931600,PVP01_0931600,GCAGCGTCAGATGTGTATAAGAGACAGTTTGCGGTGTCTAGCTAGCC,TGGGCTCGGAGATGTGTATAAGAGACAGGGATGATCCCCTTGGCCATC,TTTGCGGTGTCTAGCTAGCC,GGATGATCCCCTTGGCCATC,20,20,47,48,4,FALSE,PvGTSeq271/PvGTSeq258/PvGTSeq249
PVP01_0933300,PvP01_09_v1,1429046,1429212,1429129,167,30296,PVP01_0933300,PVP01_0933300,GCAGCGTCAGATGTGTATAAGAGACAGCTGCTCTCCACTTGAAGGGG,TGGGCTCGGAGATGTGTATAAGAGACAGCTTGCGCGAAGACGACAAAG,CTGCTCTCCACTTGAAGGGG,CTTGCGCGAAGACGACAAAG,20,20,47,48,3,FALSE,PvGTSeq271/PvGTSeq258/PvGTSeq249
AMA1,PvP01_09_v1,1459356,1459494,1459425,139,69882,PVP01_0934200,AMA1,GCAGCGTCAGATGTGTATAAGAGACAGGCCTTGTGCACATTGGGAAG,TGGGCTCGGAGATGTGTATAAGAGACAGTCGAACCCCAGAACTGTGTG,GCCTTGTGCACATTGGGAAG,TCGAACCCCAGAACTGTGTG,20,20,47,48,5,FALSE,PvGTSeq271/PvGTSeq258/PvGTSeq249
RPA2,PvP01_09_v1,1529221,1529393,1529307,173,221710,PVP01_0935500,RPA2,GCAGCGTCAGATGTGTATAAGAGACAGCGAGCTGCTCACGTAGTCG,TGGGCTCGGAGATGTGTATAAGAGACAGGGAGTGCTCTTCAGGGTAGC,CGAGCTGCTCACGTAGTCG,GGAGTGCTCTTCAGGGTAGC,19,20,46,48,3,FALSE,PvGTSeq271/PvGTSeq258/PvGTSeq249
ApiAP2_G5,PvP01_09_v1,1750925,1751108,1751017,184,127967,PVP01_0940100,ApiAP2_G5,GCAGCGTCAGATGTGTATAAGAGACAGGCTGCACGTGGTTTTCACTT,TGGGCTCGGAGATGTGTATAAGAGACAGACGTAACGAATGAGGAGAGGG,GCTGCACGTGGTTTTCACTT,ACGTAACGAATGAGGAGAGGG,20,21,47,49,4,FALSE,PvGTSeq271/PvGTSeq258/PvGTSeq249
PVP01_0942500,PvP01_09_v1,1878944,1879024,1878984,81,174264,PVP01_0942500,PVP01_0942500,GCAGCGTCAGATGTGTATAAGAGACAGTGGTAGTGGGGGGTGATCAT,TGGGCTCGGAGATGTGTATAAGAGACAGGCATGCAAGTGGAATTAGCGA,TGGTAGTGGGGGGTGATCAT,GCATGCAAGTGGAATTAGCGA,20,21,47,49,3,FALSE,PvGTSeq271/PvGTSeq258/PvGTSeq249
ORP1,PvP01_09_v1,2053173,2053323,2053248,151,22078,PVP01_0947200,ORP1,GCAGCGTCAGATGTGTATAAGAGACAGTACGGAGAGATGACTGGCGA,TGGGCTCGGAGATGTGTATAAGAGACAGACAGTCGTCACGTTCGAGTC,TACGGAGAGATGACTGGCGA,ACAGTCGTCACGTTCGAGTC,20,20,47,48,3,FALSE,PvGTSeq271/PvGTSeq258/PvGTSeq249
SLARP,PvP01_09_v1,2075281,2075371,2075326,91,75160,PVP01_0947600,SLARP,GCAGCGTCAGATGTGTATAAGAGACAGTGAAAAAGGTGTGCGCACAT,TGGGCTCGGAGATGTGTATAAGAGACAGTACCTCCACATTGTGCCCAC,TGAAAAAGGTGTGCGCACAT,TACCTCCACATTGTGCCCAC,20,20,47,48,3,FALSE,PvGTSeq271/PvGTSeq258/PvGTSeq249
TRAG16_1,PvP01_09_v1,2150450,2150521,2150486,72,Inf,PVP01_0948800,TRAG16,GCAGCGTCAGATGTGTATAAGAGACAGTCCACTGCATCCACTTTAACGA,TGGGCTCGGAGATGTGTATAAGAGACAGACAATTTTATGAAGATTGGTGTCGTAGA,TCCACTGCATCCACTTTAACGA,ACAATTTTATGAAGATTGGTGTCGTAGA,22,28,49,56,7,FALSE,PvGTSeq271/PvGTSeq258/PvGTSeq249
PVP01_1002800,PvP01_10_v1,152412,152537,152475,126,4342,PVP01_1002800,PVP01_1002800,GCAGCGTCAGATGTGTATAAGAGACAGAGGAGCCTTCGAAATGTGCA,TGGGCTCGGAGATGTGTATAAGAGACAGTCCCAAAGTAGTGACAATTAGGGG,AGGAGCCTTCGAAATGTGCA,TCCCAAAGTAGTGACAATTAGGGG,20,24,47,52,5,FALSE,PvGTSeq271/PvGTSeq258/PvGTSeq249
FRM1_1,PvP01_10_v1,156727,156907,156817,181,747,PVP01_1002900,FRM1,GCAGCGTCAGATGTGTATAAGAGACAGGGGCTCCAACACCAAATTGC,TGGGCTCGGAGATGTGTATAAGAGACAGTCGAATTGTTTATTTGATTGCATGTGT,GGGCTCCAACACCAAATTGC,TCGAATTGTTTATTTGATTGCATGTGT,20,27,47,55,6,FALSE,PvGTSeq271/PvGTSeq258/PvGTSeq249
FRM1_2,PvP01_10_v1,157475,157653,157564,179,31817,PVP01_1002900,FRM1,GCAGCGTCAGATGTGTATAAGAGACAGAACCATCTGTACTCCTTCGACAA,TGGGCTCGGAGATGTGTATAAGAGACAGTCCCATGCTTTTTTTCGGCG,AACCATCTGTACTCCTTCGACAA,TCCCATGCTTTTTTTCGGCG,23,20,50,48,3,FALSE,PvGTSeq271/PvGTSeq258/PvGTSeq249
PPT,PvP01_10_v1,189299,189463,189381,165,16779,PVP01_1003700,PPT,GCAGCGTCAGATGTGTATAAGAGACAGCAACAATGTAGGGAAAGGGGC,TGGGCTCGGAGATGTGTATAAGAGACAGGGAAGATTGGCAGCCCTACA,CAACAATGTAGGGAAAGGGGC,GGAAGATTGGCAGCCCTACA,21,20,48,48,4,FALSE,PvGTSeq271/PvGTSeq258/PvGTSeq249
PVP01_1004400,PvP01_10_v1,216293,216412,216353,120,96950,PVP01_1004400,PVP01_1004400,GCAGCGTCAGATGTGTATAAGAGACAGTGTGCAGGTAAAAGCGGCTA,TGGGCTCGGAGATGTGTATAAGAGACAGTTTTTTTTTTCGCTTACGGGGC,TGTGCAGGTAAAAGCGGCTA,TTTTTTTTTTCGCTTACGGGGC,20,22,47,50,4,FALSE,PvGTSeq271/PvGTSeq258/PvGTSeq249
PVP01_1007200,PvP01_10_v1,313229,313376,313303,148,166605,PVP01_1007200,PVP01_1007200,GCAGCGTCAGATGTGTATAAGAGACAGCGTGTTTTCCGTGATGCCTC,TGGGCTCGGAGATGTGTATAAGAGACAGGAAGGACTTTGGATTTAGCGCTAT,CGTGTTTTCCGTGATGCCTC,GAAGGACTTTGGATTTAGCGCTAT,20,24,47,52,4,TRUE,PvGTSeq271/PvGTSeq258/PvGTSeq249
pvmdr1_1,PvP01_10_v1,479885,479931,479908,47,222,PVP01_1010900,pvmdr1,GCAGCGTCAGATGTGTATAAGAGACAGTCTTCTAATTAGGAAGGAACCAAACCA,TGGGCTCGGAGATGTGTATAAGAGACAGAAGACGCTAATAAATTCGATGCTCT,TCTTCTAATTAGGAAGGAACCAAACCA,AAGACGCTAATAAATTCGATGCTCT,27,25,54,53,1,FALSE,PvGTSeq271/PvGTSeq258/PvGTSeq249
pvmdr1_2,PvP01_10_v1,480043,480217,480130,175,280,PVP01_1010900,pvmdr1,GCAGCGTCAGATGTGTATAAGAGACAGAGCCCGTAAATAATGACCGTGT,TGGGCTCGGAGATGTGTATAAGAGACAGCTATCGTGGCGGCTGTACTG,AGCCCGTAAATAATGACCGTGT,CTATCGTGGCGGCTGTACTG,22,20,49,48,2,FALSE,PvGTSeq271/PvGTSeq258/PvGTSeq249
pvmdr1_3,PvP01_10_v1,480384,480436,480410,53,1174,PVP01_1010900,pvmdr1,GCAGCGTCAGATGTGTATAAGAGACAGAATCCTGGGGCATGACTATCC,TGGGCTCGGAGATGTGTATAAGAGACAGAGGAGAGAAAGTAGAGAAGACCATG,AATCCTGGGGCATGACTATCC,AGGAGAGAAAGTAGAGAAGACCATG,21,25,48,53,1,FALSE,PvGTSeq271/PvGTSeq258/PvGTSeq249
pvmdr1_4,PvP01_10_v1,481527,481641,481584,115,870,PVP01_1010900,pvmdr1,GCAGCGTCAGATGTGTATAAGAGACAGTCGTTTCGTAGTTCTTCCTCACT,TGGGCTCGGAGATGTGTATAAGAGACAGAGCCTTATCGGAGGAGTCGA,TCGTTTCGTAGTTCTTCCTCACT,AGCCTTATCGGAGGAGTCGA,23,20,50,48,2,FALSE,PvGTSeq271/PvGTSeq258/PvGTSeq249
pvmdr1_5,PvP01_10_v1,482415,482492,482454,78,146434,PVP01_1010900,pvmdr1,GCAGCGTCAGATGTGTATAAGAGACAGGGATGCCTACCAACGCTTCT,TGGGCTCGGAGATGTGTATAAGAGACAGCCCCTTGATTTACATCTGCGG,GGATGCCTACCAACGCTTCT,CCCCTTGATTTACATCTGCGG,20,21,47,49,2,FALSE,PvGTSeq271/PvGTSeq258/PvGTSeq249
PVP01_1014100,PvP01_10_v1,628838,628937,628888,100,48727,PVP01_1014100,PVP01_1014100,GCAGCGTCAGATGTGTATAAGAGACAGGGTTCGAAGTCAGAAGCGGA,TGGGCTCGGAGATGTGTATAAGAGACAGTCCGACTTCGACTCTGTTGC,GGTTCGAAGTCAGAAGCGGA,TCCGACTTCGACTCTGTTGC,20,20,47,48,5,TRUE,PvGTSeq271/PvGTSeq258/PvGTSeq249
PSOP13,PvP01_10_v1,677546,677683,677615,138,102750,PVP01_1015100,PSOP13,GCAGCGTCAGATGTGTATAAGAGACAGCGGCACAACTTACCTACCCA,TGGGCTCGGAGATGTGTATAAGAGACAGTTCTGACTGAACCGCGTACC,CGGCACAACTTACCTACCCA,TTCTGACTGAACCGCGTACC,20,20,47,48,4,FALSE,PvGTSeq271/PvGTSeq258/PvGTSeq249
MB2,PvP01_10_v1,780300,780430,780365,131,46402,PVP01_1017400,MB2,GCAGCGTCAGATGTGTATAAGAGACAGGGAGACGACGTAGGAGACCT,TGGGCTCGGAGATGTGTATAAGAGACAGTTTGGTGATCAGCCCCTTGG,GGAGACGACGTAGGAGACCT,TTTGGTGATCAGCCCCTTGG,20,20,47,48,3,FALSE,PvGTSeq271/PvGTSeq258/PvGTSeq249
pvpi3k_1,PvP01_10_v1,826742,826792,826767,51,321,PVP01_1018600,pvpi3k,GCAGCGTCAGATGTGTATAAGAGACAGCGGTACTCATTTCTATGAAGTACTGC,TGGGCTCGGAGATGTGTATAAGAGACAGGATGGGTTCATCGAATTCGTCAA,CGGTACTCATTTCTATGAAGTACTGC,GATGGGTTCATCGAATTCGTCAA,26,23,53,51,2,FALSE,PvGTSeq271/PvGTSeq258/PvGTSeq249
pvpi3k_2,PvP01_10_v1,827038,827138,827088,101,843,PVP01_1018600,pvpi3k,GCAGCGTCAGATGTGTATAAGAGACAGGTTTCGGACTCGTGGTGGAT,TGGGCTCGGAGATGTGTATAAGAGACAGTGGGCCTGCAGAATTGGG,GTTTCGGACTCGTGGTGGAT,TGGGCCTGCAGAATTGGG,20,18,47,46,1,TRUE,PvGTSeq271/PvGTSeq258/PvGTSeq249
pvpi3k_4,PvP01_10_v1,827909,827952,827931,44,178,PVP01_1018600,pvpi3k,GCAGCGTCAGATGTGTATAAGAGACAGGAGATTGGCGGCGGGATAG,TGGGCTCGGAGATGTGTATAAGAGACAGAAGTGGAGGGGGAAGAAGGA,GAGATTGGCGGCGGGATAG,AAGTGGAGGGGGAAGAAGGA,19,20,46,48,0,TRUE,PvGTSeq271/PvGTSeq258/PvGTSeq249
pvpi3k_5,PvP01_10_v1,828080,828137,828109,58,656,PVP01_1018600,pvpi3k,GCAGCGTCAGATGTGTATAAGAGACAGTGTCGGACAAGAAGATGTTGTTC,TGGGCTCGGAGATGTGTATAAGAGACAGAAGACGAAGAAGCTGCGGC,TGTCGGACAAGAAGATGTTGTTC,AAGACGAAGAAGCTGCGGC,23,19,50,47,1,FALSE,PvGTSeq271/PvGTSeq258/PvGTSeq249
pvpi3k_6,PvP01_10_v1,828691,828838,828765,148,262,PVP01_1018600,pvpi3k,GCAGCGTCAGATGTGTATAAGAGACAGCCCAAAGCTTCCTCCCTGTT,TGGGCTCGGAGATGTGTATAAGAGACAGCCCGTTTGACTTCTCCCTTCA,CCCAAAGCTTCCTCCCTGTT,CCCGTTTGACTTCTCCCTTCA,20,21,47,49,4,TRUE,PvGTSeq271/PvGTSeq258/PvGTSeq249
pvpi3k_7,PvP01_10_v1,828962,829091,829027,130,1163,PVP01_1018600,pvpi3k,GCAGCGTCAGATGTGTATAAGAGACAGCGTTTCGCCGTTTCTCCTTC,TGGGCTCGGAGATGTGTATAAGAGACAGGGCCTTCCTGAAAAGGGTGA,CGTTTCGCCGTTTCTCCTTC,GGCCTTCCTGAAAAGGGTGA,20,20,47,48,3,TRUE,PvGTSeq271/PvGTSeq258/PvGTSeq249
pvpi3k_10,PvP01_10_v1,830162,830217,830190,56,336,PVP01_1018600,pvpi3k,GCAGCGTCAGATGTGTATAAGAGACAGGAATCCTTGCCTTCCTCCCG,TGGGCTCGGAGATGTGTATAAGAGACAGCGTTTTACGCCTATTGTAGGGTG,GAATCCTTGCCTTCCTCCCG,CGTTTTACGCCTATTGTAGGGTG,20,23,47,51,1,FALSE,PvGTSeq271/PvGTSeq258/PvGTSeq249
pvpi3k_11,PvP01_10_v1,830444,830608,830526,165,385,PVP01_1018600,pvpi3k,GCAGCGTCAGATGTGTATAAGAGACAGCCGAATGACCACCACTGCTA,TGGGCTCGGAGATGTGTATAAGAGACAGCAGATGGTGCGCGCGTC,CCGAATGACCACCACTGCTA,CAGATGGTGCGCGCGTC,20,17,47,45,0,TRUE,PvGTSeq271/PvGTSeq258/PvGTSeq249
pvpi3k_12,PvP01_10_v1,830885,830936,830911,52,284,PVP01_1018600,pvpi3k,GCAGCGTCAGATGTGTATAAGAGACAGATTTTCTCCTCATCTGCGTACTTG,TGGGCTCGGAGATGTGTATAAGAGACAGTTTAACGAGCGGTGTAGACTACA,ATTTTCTCCTCATCTGCGTACTTG,TTTAACGAGCGGTGTAGACTACA,24,23,51,51,1,FALSE,PvGTSeq271/PvGTSeq258/PvGTSeq249
pvpi3k_13,PvP01_10_v1,831133,831256,831195,124,132,PVP01_1018600,pvpi3k,GCAGCGTCAGATGTGTATAAGAGACAGTCCAGCCTCCTCATTTTGCG,TGGGCTCGGAGATGTGTATAAGAGACAGAACGGAGCTAACCCCCCTAA,TCCAGCCTCCTCATTTTGCG,AACGGAGCTAACCCCCCTAA,20,20,47,48,0,TRUE,PvGTSeq271/PvGTSeq258/PvGTSeq249
CWC2,PvP01_10_v1,837911,838023,837967,113,213638,PVP01_1018900,CWC2,GCAGCGTCAGATGTGTATAAGAGACAGTGCTCGACAGAAGCATCCAG,TGGGCTCGGAGATGTGTATAAGAGACAGCGTACCTCCCGAACCAGATG,TGCTCGACAGAAGCATCCAG,CGTACCTCCCGAACCAGATG,20,20,47,48,3,FALSE,PvGTSeq271/PvGTSeq258/PvGTSeq249
PVP01_1024100,PvP01_10_v1,1051536,1051674,1051605,139,135870,PVP01_1024100,PVP01_1024100,GCAGCGTCAGATGTGTATAAGAGACAGAGAGTCACCAGGAACAAGCG,TGGGCTCGGAGATGTGTATAAGAGACAGTCTCATGAAAGCGAACCGGA,AGAGTCACCAGGAACAAGCG,TCTCATGAAAGCGAACCGGA,20,20,47,48,3,TRUE,PvGTSeq271/PvGTSeq258/PvGTSeq249
PVP01_1027500,PvP01_10_v1,1187390,1187560,1187475,171,20828,PVP01_1027500,PVP01_1027500,GCAGCGTCAGATGTGTATAAGAGACAGCCAAGGCAAAACGGGTTCTG,TGGGCTCGGAGATGTGTATAAGAGACAGTGTGCCAGTCGAGTGAAACA,CCAAGGCAAAACGGGTTCTG,TGTGCCAGTCGAGTGAAACA,20,20,47,48,4,TRUE,PvGTSeq271/PvGTSeq258/PvGTSeq249
SUMO,PvP01_10_v1,1208235,1208371,1208303,137,98545,PVP01_1028200,SUMO,GCAGCGTCAGATGTGTATAAGAGACAGCCATGGAGGCAGGTAAGTGG,TGGGCTCGGAGATGTGTATAAGAGACAGCCGTCGTATAGGAAGCGGAC,CCATGGAGGCAGGTAAGTGG,CCGTCGTATAGGAAGCGGAC,20,20,47,48,3,TRUE,PvGTSeq271/PvGTSeq258/PvGTSeq249
MyoB,PvP01_10_v1,1306783,1306912,1306848,130,96017,PVP01_1030300,MyoB,GCAGCGTCAGATGTGTATAAGAGACAGCAGCGAGCTGAGTGAGGAAA,TGGGCTCGGAGATGTGTATAAGAGACAGTGGATCGGCAAATGGAGAGG,CAGCGAGCTGAGTGAGGAAA,TGGATCGGCAAATGGAGAGG,20,20,47,48,4,FALSE,PvGTSeq271/PvGTSeq258/PvGTSeq249
VPS11,PvP01_10_v1,1402777,1402953,1402865,177,42160,PVP01_1033000,VPS11,GCAGCGTCAGATGTGTATAAGAGACAGAAACCGCGTGAGGTACTTGT,TGGGCTCGGAGATGTGTATAAGAGACAGTAAGCAGGCTTTACACCCCC,AAACCGCGTGAGGTACTTGT,TAAGCAGGCTTTACACCCCC,20,20,47,48,3,FALSE,PvGTSeq271/PvGTSeq258/PvGTSeq249
TRAG18,PvP01_10_v1,1444922,1445128,1445025,207,Inf,PVP01_1033900,TRAG18,GCAGCGTCAGATGTGTATAAGAGACAGTCTTTGGCAGCAGTAGCAAGT,TGGGCTCGGAGATGTGTATAAGAGACAGCTGAAGGCCCCGAACGTAG,TCTTTGGCAGCAGTAGCAAGT,CTGAAGGCCCCGAACGTAG,21,19,48,47,3,FALSE,PvGTSeq271/PvGTSeq258/PvGTSeq249
PVP01_1101300,PvP01_11_v1,64509,64637,64573,129,78141,PVP01_1101300,PVP01_1101300,GCAGCGTCAGATGTGTATAAGAGACAGACGTAATGATGCTTTCTGCTAATAGC,TGGGCTCGGAGATGTGTATAAGAGACAGATAGCAACAAATATGGCAGATACGAT,ACGTAATGATGCTTTCTGCTAATAGC,ATAGCAACAAATATGGCAGATACGAT,26,26,53,54,10,FALSE,PvGTSeq271/PvGTSeq258/PvGTSeq249
ERCC4,PvP01_11_v1,142633,142795,142714,163,17410,PVP01_1103200,ERCC4,GCAGCGTCAGATGTGTATAAGAGACAGCTCAACGACGTGAAGGTGGA,TGGGCTCGGAGATGTGTATAAGAGACAGTCCTCACACAGGCCTTTGTT,CTCAACGACGTGAAGGTGGA,TCCTCACACAGGCCTTTGTT,20,20,47,48,4,FALSE,PvGTSeq271/PvGTSeq258/PvGTSeq249
pvabc-e1_1,PvP01_11_v1,160096,160152,160124,57,1370,PVP01_1103800,pvabc-e1,GCAGCGTCAGATGTGTATAAGAGACAGACAAGGAGAACAAGCTGGAGG,TGGGCTCGGAGATGTGTATAAGAGACAGCAGTTTTTCTTGCACTCCAGGT,ACAAGGAGAACAAGCTGGAGG,CAGTTTTTCTTGCACTCCAGGT,21,22,48,50,1,FALSE,PvGTSeq271/PvGTSeq258/PvGTSeq249
pvabc-e1_3,PvP01_11_v1,161466,161521,161494,56,53389,PVP01_1103800,pvabc-e1,GCAGCGTCAGATGTGTATAAGAGACAGAAGCCGCTCAAAATTGAAGCT,TGGGCTCGGAGATGTGTATAAGAGACAGTGTTCTTGGCCAGTGTAATGATG,AAGCCGCTCAAAATTGAAGCT,TGTTCTTGGCCAGTGTAATGATG,21,23,48,51,0,TRUE,PvGTSeq271/PvGTSeq258/PvGTSeq249
SRPR_alpha,PvP01_11_v1,214825,214941,214883,117,80093,PVP01_1105400,SRPR_alpha,GCAGCGTCAGATGTGTATAAGAGACAGGGACGGAAAGGAAGCACTGA,TGGGCTCGGAGATGTGTATAAGAGACAGAATTTCCGTCGCTGTCGTCT,GGACGGAAAGGAAGCACTGA,AATTTCCGTCGCTGTCGTCT,20,20,47,48,3,FALSE,PvGTSeq271/PvGTSeq258/PvGTSeq249
PVP01_1107600,PvP01_11_v1,294898,295053,294976,156,183464,PVP01_1107600,PVP01_1107600,GCAGCGTCAGATGTGTATAAGAGACAGTTTCCACTCGTAGCTGCGTT,TGGGCTCGGAGATGTGTATAAGAGACAGCCACGTACGCAGATGACAGT,TTTCCACTCGTAGCTGCGTT,CCACGTACGCAGATGACAGT,20,20,47,48,3,TRUE,PvGTSeq271/PvGTSeq258/PvGTSeq249
GCbeta_2,PvP01_11_v1,478391,478489,478440,99,226810,PVP01_1111400,GCbeta,GCAGCGTCAGATGTGTATAAGAGACAGGCCCACGTTCCTTCTGAAGA,TGGGCTCGGAGATGTGTATAAGAGACAGGCGCGCTAGTACCTCATTCT,GCCCACGTTCCTTCTGAAGA,GCGCGCTAGTACCTCATTCT,20,20,47,48,3,TRUE,PvGTSeq271/PvGTSeq258/PvGTSeq249
PABP3,PvP01_11_v1,868480,868627,868554,148,23437,PVP01_1120100,PABP3,GCAGCGTCAGATGTGTATAAGAGACAGACTGTACTCGTTTGGGCAGG,TGGGCTCGGAGATGTGTATAAGAGACAGGCGTGAAAAACATGGCCCAT,ACTGTACTCGTTTGGGCAGG,GCGTGAAAAACATGGCCCAT,20,20,47,48,3,FALSE,PvGTSeq271/PvGTSeq258/PvGTSeq249
RAP,PvP01_11_v1,891913,892069,891991,157,246286,PVP01_1120600,RAP,GCAGCGTCAGATGTGTATAAGAGACAGTCACTTCGGGGTAGAGAAGCT,TGGGCTCGGAGATGTGTATAAGAGACAGTCAGCATGTGGATCAGCACA,TCACTTCGGGGTAGAGAAGCT,TCAGCATGTGGATCAGCACA,21,20,48,48,3,FALSE,PvGTSeq271/PvGTSeq258/PvGTSeq249
SOD2_1,PvP01_11_v1,1138194,1138359,1138277,166,749,PVP01_1126000,SOD2,GCAGCGTCAGATGTGTATAAGAGACAGACCACTACAGCAAGCACCAC,TGGGCTCGGAGATGTGTATAAGAGACAGGGCGAAATGTAGGACACGAAC,ACCACTACAGCAAGCACCAC,GGCGAAATGTAGGACACGAAC,20,21,47,49,3,TRUE,PvGTSeq271/PvGTSeq258/PvGTSeq249
SOD2_2,PvP01_11_v1,1138950,1139102,1139026,153,191415,PVP01_1126000,SOD2,GCAGCGTCAGATGTGTATAAGAGACAGGCCTCAGGTATTTTGCAGCG,TGGGCTCGGAGATGTGTATAAGAGACAGCCATATCCAGCCACTCCCAA,GCCTCAGGTATTTTGCAGCG,CCATATCCAGCCACTCCCAA,20,20,47,48,3,FALSE,PvGTSeq271/PvGTSeq258/PvGTSeq249
ROM10,PvP01_11_v1,1330379,1330502,1330441,124,5508,PVP01_1130900,ROM10,GCAGCGTCAGATGTGTATAAGAGACAGTGGGAGCAACGAATGAAGCT,TGGGCTCGGAGATGTGTATAAGAGACAGGCCTAACACTTGGCCACGAT,TGGGAGCAACGAATGAAGCT,GCCTAACACTTGGCCACGAT,20,20,47,48,3,FALSE,PvGTSeq271/PvGTSeq258/PvGTSeq249
PVP01_1131100,PvP01_11_v1,1335874,1336023,1335949,150,81622,PVP01_1131100,PVP01_1131100,GCAGCGTCAGATGTGTATAAGAGACAGCCGTTGCCACTATTCGGGAA,TGGGCTCGGAGATGTGTATAAGAGACAGAAGGCGCAAACGAGAAGGTA,CCGTTGCCACTATTCGGGAA,AAGGCGCAAACGAGAAGGTA,20,20,47,48,3,FALSE,PvGTSeq271/PvGTSeq258/PvGTSeq249
PVP01_1133200,PvP01_11_v1,1417478,1417664,1417571,187,130523,PVP01_1133200,PVP01_1133200,GCAGCGTCAGATGTGTATAAGAGACAGGTCGAGTCTTCGCCATAGGG,TGGGCTCGGAGATGTGTATAAGAGACAGCTTTTTGGTCGCCGCTCTTC,GTCGAGTCTTCGCCATAGGG,CTTTTTGGTCGCCGCTCTTC,20,20,47,48,3,FALSE,PvGTSeq271/PvGTSeq258/PvGTSeq249
PVP01_1136100,PvP01_11_v1,1548021,1548167,1548094,147,140384,PVP01_1136100,PVP01_1136100,GCAGCGTCAGATGTGTATAAGAGACAGCTGTACCGCCTATCTGTGCC,TGGGCTCGGAGATGTGTATAAGAGACAGGTATAGGGTGACTGGGGGGA,CTGTACCGCCTATCTGTGCC,GTATAGGGTGACTGGGGGGA,20,20,47,48,4,TRUE,PvGTSeq271/PvGTSeq258/PvGTSeq249
NUP637,PvP01_11_v1,1688393,1688563,1688478,171,42450,PVP01_1139900,NUP637,GCAGCGTCAGATGTGTATAAGAGACAGGGCCTTCTTCTCCCCAAAGG,TGGGCTCGGAGATGTGTATAAGAGACAGGGCCATGAAGAAGCTCACCA,GGCCTTCTTCTCCCCAAAGG,GGCCATGAAGAAGCTCACCA,20,20,47,48,4,FALSE,PvGTSeq271/PvGTSeq258/PvGTSeq249
PVP01_1143300,PvP01_11_v1,1845910,1846038,1845974,129,34834,PVP01_1143300,PVP01_1143300,GCAGCGTCAGATGTGTATAAGAGACAGAATGGAGTCGTTCCTCTCGC,TGGGCTCGGAGATGTGTATAAGAGACAGGTGGCTCAAGTTCACTCCCA,AATGGAGTCGTTCCTCTCGC,GTGGCTCAAGTTCACTCCCA,20,20,47,48,3,FALSE,PvGTSeq271/PvGTSeq258/PvGTSeq249
PVP01_1144400,PvP01_11_v1,1880753,1880862,1880808,110,33125,PVP01_1144400,PVP01_1144400,GCAGCGTCAGATGTGTATAAGAGACAGTCAGCTTTGACCGTACCACC,TGGGCTCGGAGATGTGTATAAGAGACAGGGCAAACCAAAGGAGAAGAACC,TCAGCTTTGACCGTACCACC,GGCAAACCAAAGGAGAAGAACC,20,22,47,50,3,FALSE,PvGTSeq271/PvGTSeq258/PvGTSeq249
PVP01_1144900,PvP01_11_v1,1913836,1914030,1913933,195,106179,PVP01_1144900,PVP01_1144900,GCAGCGTCAGATGTGTATAAGAGACAGCACCATGGTGCAGTACTCGT,TGGGCTCGGAGATGTGTATAAGAGACAGATTACGCTGGAGATGGCCG,CACCATGGTGCAGTACTCGT,ATTACGCTGGAGATGGCCG,20,19,47,47,4,TRUE,PvGTSeq271/PvGTSeq258/PvGTSeq249
PVP01_1147300,PvP01_11_v1,2020045,2020178,2020112,134,Inf,PVP01_1147300,PVP01_1147300,GCAGCGTCAGATGTGTATAAGAGACAGCCACCATGGCCGATATGGAA,TGGGCTCGGAGATGTGTATAAGAGACAGCACTCCTATTGCTACTTCTTTTCCG,CCACCATGGCCGATATGGAA,CACTCCTATTGCTACTTCTTTTCCG,20,25,47,53,3,FALSE,PvGTSeq271/PvGTSeq258/PvGTSeq249
TRAG20,PvP01_12_v1,71396,71458,71427,63,415226,PVP01_1201800,TRAG20,GCAGCGTCAGATGTGTATAAGAGACAGGAACCCTCGACGCAGATCC,TGGGCTCGGAGATGTGTATAAGAGACAGGCTTTTGAATTTTCTCTTCCGTGC,GAACCCTCGACGCAGATCC,GCTTTTGAATTTTCTCTTCCGTGC,19,24,46,52,3,FALSE,PvGTSeq271/PvGTSeq258/PvGTSeq249
pvk13,PvP01_12_v1,486622,486684,486653,63,7229,PVP01_1211100,pvk13,GCAGCGTCAGATGTGTATAAGAGACAGCCAGAAGCTCAGGGGCAG,TGGGCTCGGAGATGTGTATAAGAGACAGTGGTACTGCTCCACGGAGT,CCAGAAGCTCAGGGGCAG,TGGTACTGCTCCACGGAGT,18,19,45,47,0,TRUE,PvGTSeq271/PvGTSeq258/PvGTSeq249
RAD5,PvP01_12_v1,493810,493953,493882,144,275835,PVP01_1211400,RAD5,GCAGCGTCAGATGTGTATAAGAGACAGCTCGGTTCGTTGGCTCATCT,TGGGCTCGGAGATGTGTATAAGAGACAGAACGCGCTGAAGAAGAAGGA,CTCGGTTCGTTGGCTCATCT,AACGCGCTGAAGAAGAAGGA,20,20,47,48,3,FALSE,PvGTSeq271/PvGTSeq258/PvGTSeq249
TRAP,PvP01_12_v1,769627,769807,769717,181,26707,PVP01_1218700,TRAP,GCAGCGTCAGATGTGTATAAGAGACAGGGAATGAGGCCGTAGCTCTC,TGGGCTCGGAGATGTGTATAAGAGACAGCAGAGGCTCAGGTTCCACAG,GGAATGAGGCCGTAGCTCTC,CAGAGGCTCAGGTTCCACAG,20,20,47,48,3,FALSE,PvGTSeq271/PvGTSeq258/PvGTSeq249
PVP01_1226900,PvP01_12_v1,1063965,1064089,1064027,125,283495,PVP01_1226900,PVP01_1226900,GCAGCGTCAGATGTGTATAAGAGACAGATTGTTCATACAAATGGTTAGTCCCTT,TGGGCTCGGAGATGTGTATAAGAGACAGAAAGGAAGACGTGGCGACTG,ATTGTTCATACAAATGGTTAGTCCCTT,AAAGGAAGACGTGGCGACTG,27,20,54,48,3,FALSE,PvGTSeq271/PvGTSeq258/PvGTSeq249
PVP01_1233500,PvP01_12_v1,1347449,1347595,1347522,147,35570,PVP01_1233500,PVP01_1233500,GCAGCGTCAGATGTGTATAAGAGACAGATGTCCGTCCAGGTTCATCG,TGGGCTCGGAGATGTGTATAAGAGACAGGGTCCCTCCCGTATGGTAAC,ATGTCCGTCCAGGTTCATCG,GGTCCCTCCCGTATGGTAAC,20,20,47,48,3,FALSE,PvGTSeq271/PvGTSeq258/PvGTSeq249
HDA1,PvP01_12_v1,1383057,1383127,1383092,71,78283,PVP01_1234600,HDA1,GCAGCGTCAGATGTGTATAAGAGACAGCCTGAGGTTGTTACTCCGCA,TGGGCTCGGAGATGTGTATAAGAGACAGAGCGCCCTTGAAATTTGCTT,CCTGAGGTTGTTACTCCGCA,AGCGCCCTTGAAATTTGCTT,20,20,47,48,3,FALSE,PvGTSeq271/PvGTSeq258/PvGTSeq249
ATG12,PvP01_12_v1,1461303,1461446,1461375,144,116097,PVP01_1236800,ATG12,GCAGCGTCAGATGTGTATAAGAGACAGTTCTCAACGAGGAGGCGAAC,TGGGCTCGGAGATGTGTATAAGAGACAGGGGGGAGAAGTAGAACGCAC,TTCTCAACGAGGAGGCGAAC,GGGGGAGAAGTAGAACGCAC,20,20,47,48,4,TRUE,PvGTSeq271/PvGTSeq258/PvGTSeq249
ApiAP2_1,PvP01_12_v1,1619832,1620028,1619930,197,135593,PVP01_1240400,ApiAP2,GCAGCGTCAGATGTGTATAAGAGACAGTATGCAAGACCAGGGAGGGA,TGGGCTCGGAGATGTGTATAAGAGACAGCCCCCTGCCTGCATAACATT,TATGCAAGACCAGGGAGGGA,CCCCCTGCCTGCATAACATT,20,20,47,48,3,FALSE,PvGTSeq271/PvGTSeq258/PvGTSeq249
RON11,PvP01_12_v1,1755452,1755594,1755523,143,47998,PVP01_1242900,RON11,GCAGCGTCAGATGTGTATAAGAGACAGCTACGTGCCTGTATTGCCCA,TGGGCTCGGAGATGTGTATAAGAGACAGGAAGAGGAAGATGCACACGC,CTACGTGCCTGTATTGCCCA,GAAGAGGAAGATGCACACGC,20,20,47,48,3,FALSE,PvGTSeq271/PvGTSeq258/PvGTSeq249
GAPDH,PvP01_12_v1,1803435,1803607,1803521,173,112237,PVP01_1244000,GAPDH,GCAGCGTCAGATGTGTATAAGAGACAGGAAGCGATCATGAGGGGGTC,TGGGCTCGGAGATGTGTATAAGAGACAGTGGCAAGCAGAGCGATGTTA,GAAGCGATCATGAGGGGGTC,TGGCAAGCAGAGCGATGTTA,20,20,47,48,4,FALSE,PvGTSeq271/PvGTSeq258/PvGTSeq249
FCP,PvP01_12_v1,1915707,1915809,1915758,103,187892,PVP01_1246800,FCP,GCAGCGTCAGATGTGTATAAGAGACAGACGAATGGATAATGCCTTCCGA,TGGGCTCGGAGATGTGTATAAGAGACAGAGGGAAAAGGAACAAAAAACAGAACT,ACGAATGGATAATGCCTTCCGA,AGGGAAAAGGAACAAAAAACAGAACT,22,26,49,54,3,FALSE,PvGTSeq271/PvGTSeq258/PvGTSeq249
FER2_1,PvP01_12_v1,2103576,2103723,2103650,148,587,PVP01_1251300,FER2,GCAGCGTCAGATGTGTATAAGAGACAGGCTTTACAAAAATCCGCTACCAAAA,TGGGCTCGGAGATGTGTATAAGAGACAGAGGGTTCGCCATGTAGCTATT,GCTTTACAAAAATCCGCTACCAAAA,AGGGTTCGCCATGTAGCTATT,25,21,52,49,3,FALSE,PvGTSeq271/PvGTSeq258/PvGTSeq249
FER2_2,PvP01_12_v1,2104201,2104272,2104237,72,144918,PVP01_1251300,FER2,GCAGCGTCAGATGTGTATAAGAGACAGTTGTGAGACCCACTTCGTCC,TGGGCTCGGAGATGTGTATAAGAGACAGCCACCCACATTTCTAGAATGCC,TTGTGAGACCCACTTCGTCC,CCACCCACATTTCTAGAATGCC,20,22,47,50,3,TRUE,PvGTSeq271/PvGTSeq258/PvGTSeq249
RON2,PvP01_12_v1,2249084,2249226,2249155,143,80848,PVP01_1255000,RON2,GCAGCGTCAGATGTGTATAAGAGACAGTGCCCTGTTTTTAGCATGCG,TGGGCTCGGAGATGTGTATAAGAGACAGACGGAGGAAGTCGACACCTA,TGCCCTGTTTTTAGCATGCG,ACGGAGGAAGTCGACACCTA,20,20,47,48,2,TRUE,PvGTSeq271/PvGTSeq258/PvGTSeq249
PVP01_1256600,PvP01_12_v1,2329939,2330067,2330003,129,112429,PVP01_1256600,PVP01_1256600,GCAGCGTCAGATGTGTATAAGAGACAGAAAGAAAGTGAGGCGAATTCGTT,TGGGCTCGGAGATGTGTATAAGAGACAGGTTTATCCTTCTCCGCCCCC,AAAGAAAGTGAGGCGAATTCGTT,GTTTATCCTTCTCCGCCCCC,23,20,50,48,3,FALSE,PvGTSeq271/PvGTSeq258/PvGTSeq249
pvmdr2_1,PvP01_12_v1,2442388,2442475,2442432,88,529,PVP01_1259100,pvmdr2,GCAGCGTCAGATGTGTATAAGAGACAGGAAGTGGAAGCGGAAGTGGA,TGGGCTCGGAGATGTGTATAAGAGACAGGTACGTCAGCTTGTCCTCCA,GAAGTGGAAGCGGAAGTGGA,GTACGTCAGCTTGTCCTCCA,20,20,47,48,4,FALSE,PvGTSeq271/PvGTSeq258/PvGTSeq249
pvmdr2_3,PvP01_12_v1,2442875,2443046,2442961,172,1072,PVP01_1259100,pvmdr2,GCAGCGTCAGATGTGTATAAGAGACAGGAAGAACGCAGGTGGGATCA,TGGGCTCGGAGATGTGTATAAGAGACAGTCCACTTGGTAATTTTTATGGTAGCA,GAAGAACGCAGGTGGGATCA,TCCACTTGGTAATTTTTATGGTAGCA,20,26,47,54,2,FALSE,PvGTSeq271/PvGTSeq258/PvGTSeq249
pvmdr2_5,PvP01_12_v1,2444006,2444059,2444033,54,705,PVP01_1259100,pvmdr2,GCAGCGTCAGATGTGTATAAGAGACAGACAAAGGATCGCCATAGCCA,TGGGCTCGGAGATGTGTATAAGAGACAGAAGAGAAATTCCGTTTTTGAGTCCA,ACAAAGGATCGCCATAGCCA,AAGAGAAATTCCGTTTTTGAGTCCA,20,25,47,53,1,FALSE,PvGTSeq271/PvGTSeq258/PvGTSeq249
pvmdr2_6,PvP01_12_v1,2444707,2444769,2444738,63,80590,PVP01_1259100,pvmdr2,GCAGCGTCAGATGTGTATAAGAGACAGAGCAGCTCCGCCAATCTG,TGGGCTCGGAGATGTGTATAAGAGACAGTTTTGGTTGCTGGGGCTGAA,AGCAGCTCCGCCAATCTG,TTTTGGTTGCTGGGGCTGAA,18,20,45,48,1,FALSE,PvGTSeq271/PvGTSeq258/PvGTSeq249
PVP01_1261200,PvP01_12_v1,2525250,2525405,2525328,156,7676,PVP01_1261200,PVP01_1261200,GCAGCGTCAGATGTGTATAAGAGACAGCCGGAATGTAGGCTCCTTCA,TGGGCTCGGAGATGTGTATAAGAGACAGCCCCCTCCTCATTGTGATTCA,CCGGAATGTAGGCTCCTTCA,CCCCCTCCTCATTGTGATTCA,20,21,47,49,3,FALSE,PvGTSeq271/PvGTSeq258/PvGTSeq249
PVP01_1261400,PvP01_12_v1,2532944,2533063,2533004,120,10281,PVP01_1261400,PVP01_1261400,GCAGCGTCAGATGTGTATAAGAGACAGGTTCGGAGTGGTACAGTGGG,TGGGCTCGGAGATGTGTATAAGAGACAGCAGCACGTCTTTAACAGGCC,GTTCGGAGTGGTACAGTGGG,CAGCACGTCTTTAACAGGCC,20,20,47,48,3,FALSE,PvGTSeq271/PvGTSeq258/PvGTSeq249
CLK1,PvP01_12_v1,2543228,2543341,2543285,114,201628,PVP01_1261600,CLK1,GCAGCGTCAGATGTGTATAAGAGACAGGAAAAGGAGAAAGGCCCCCA,TGGGCTCGGAGATGTGTATAAGAGACAGAGCACTCGTTCCCGTTTCTT,GAAAAGGAGAAAGGCCCCCA,AGCACTCGTTCCCGTTTCTT,20,20,47,48,3,FALSE,PvGTSeq271/PvGTSeq258/PvGTSeq249
NCS2,PvP01_12_v1,2744852,2744973,2744913,122,80114,PVP01_1266000,NCS2,GCAGCGTCAGATGTGTATAAGAGACAGTTTTCGCCGTTTCGAGGAGA,TGGGCTCGGAGATGTGTATAAGAGACAGTCATGTTTGCGGCTGTGTTG,TTTTCGCCGTTTCGAGGAGA,TCATGTTTGCGGCTGTGTTG,20,20,47,48,3,TRUE,PvGTSeq271/PvGTSeq258/PvGTSeq249
PVP01_1270000,PvP01_12_v1,2944087,2944228,2944158,142,Inf,PVP01_1270000,PVP01_1270000,GCAGCGTCAGATGTGTATAAGAGACAGCTTGTGGAGGAACAAAATGCGA,TGGGCTCGGAGATGTGTATAAGAGACAGCCCTCTTCACGCACCATTTG,CTTGTGGAGGAACAAAATGCGA,CCCTCTTCACGCACCATTTG,22,20,49,48,3,FALSE,PvGTSeq271/PvGTSeq258/PvGTSeq249
PVP01_1301600_1,PvP01_13_v1,65827,65960,65894,134,15448,PVP01_1301600,PVP01_1301600,GCAGCGTCAGATGTGTATAAGAGACAGATGAAGCCCTTGCACATCCA,TGGGCTCGGAGATGTGTATAAGAGACAGAGGTAGTACAGCTCGTCCATGA,ATGAAGCCCTTGCACATCCA,AGGTAGTACAGCTCGTCCATGA,20,22,47,50,3,FALSE,PvGTSeq271/PvGTSeq258/PvGTSeq249
PVP01_1301600_2,PvP01_13_v1,81273,81411,81342,139,75057,PVP01_1301600,PVP01_1301600,GCAGCGTCAGATGTGTATAAGAGACAGACATGGACACACCCGATTCG,TGGGCTCGGAGATGTGTATAAGAGACAGACAGATTATCTTCCGGCCGTT,ACATGGACACACCCGATTCG,ACAGATTATCTTCCGGCCGTT,20,21,47,49,3,FALSE,PvGTSeq271/PvGTSeq258/PvGTSeq249
G37,PvP01_13_v1,156324,156474,156399,151,222576,PVP01_1303600,G37,GCAGCGTCAGATGTGTATAAGAGACAGATCGAGTACGCCTTGTCCAC,TGGGCTCGGAGATGTGTATAAGAGACAGAGCTTCCTGTCCCGGATAGT,ATCGAGTACGCCTTGTCCAC,AGCTTCCTGTCCCGGATAGT,20,20,47,48,6,TRUE,PvGTSeq271/PvGTSeq258/PvGTSeq249
PVP01_1308100,PvP01_13_v1,378871,379079,378975,209,17410,PVP01_1308100,PVP01_1308100,GCAGCGTCAGATGTGTATAAGAGACAGTCCTCTGGGTGCCCTTGATA,TGGGCTCGGAGATGTGTATAAGAGACAGGTTTTACGCACGCCACTGTT,TCCTCTGGGTGCCCTTGATA,GTTTTACGCACGCCACTGTT,20,20,47,48,3,FALSE,PvGTSeq271/PvGTSeq258/PvGTSeq249
CIA1,PvP01_13_v1,396303,396467,396385,165,71130,PVP01_1308500,CIA1,GCAGCGTCAGATGTGTATAAGAGACAGGAATTTCCTCGCGTCGGTTG,TGGGCTCGGAGATGTGTATAAGAGACAGTATGTGCCGGAGCGACTTTT,GAATTTCCTCGCGTCGGTTG,TATGTGCCGGAGCGACTTTT,20,20,47,48,3,FALSE,PvGTSeq271/PvGTSeq258/PvGTSeq249
PIGM,PvP01_13_v1,467455,467575,467515,121,46470,PVP01_1310100,PIGM,GCAGCGTCAGATGTGTATAAGAGACAGCTTGGGGCATACGGTCTTGT,TGGGCTCGGAGATGTGTATAAGAGACAGGGCAGTTTGTGTTGGTCACC,CTTGGGGCATACGGTCTTGT,GGCAGTTTGTGTTGGTCACC,20,20,47,48,3,FALSE,PvGTSeq271/PvGTSeq258/PvGTSeq249
PVP01_1311000,PvP01_13_v1,513915,514054,513985,140,70343,PVP01_1311000,PVP01_1311000,GCAGCGTCAGATGTGTATAAGAGACAGCATCACCTTGGACGTCGAGT,TGGGCTCGGAGATGTGTATAAGAGACAGCGCAAGACCAAGTGTAGGGT,CATCACCTTGGACGTCGAGT,CGCAAGACCAAGTGTAGGGT,20,20,47,48,6,TRUE,PvGTSeq271/PvGTSeq258/PvGTSeq249
PKG,PvP01_13_v1,584241,584414,584328,174,133193,PVP01_1312900,PKG,GCAGCGTCAGATGTGTATAAGAGACAGAAGAAGATTCAGGGCAGGGC,TGGGCTCGGAGATGTGTATAAGAGACAGGGAAGGTTAACTGCCCCGTT,AAGAAGATTCAGGGCAGGGC,GGAAGGTTAACTGCCCCGTT,20,20,47,48,3,FALSE,PvGTSeq271/PvGTSeq258/PvGTSeq249
PVP01_1315600,PvP01_13_v1,717432,717610,717521,179,74099,PVP01_1315600,PVP01_1315600,GCAGCGTCAGATGTGTATAAGAGACAGTGCCACTCACATACGCGTAA,TGGGCTCGGAGATGTGTATAAGAGACAGTCCTTAAGTACCTTGGCGCG,TGCCACTCACATACGCGTAA,TCCTTAAGTACCTTGGCGCG,20,20,47,48,3,FALSE,PvGTSeq271/PvGTSeq258/PvGTSeq249
PVP01_1316900,PvP01_13_v1,791557,791682,791620,126,10641,PVP01_1316900,PVP01_1316900,GCAGCGTCAGATGTGTATAAGAGACAGTGAACTCGGTTAGCGAAGGG,TGGGCTCGGAGATGTGTATAAGAGACAGCTGTTCACCCCCCTTTGGAG,TGAACTCGGTTAGCGAAGGG,CTGTTCACCCCCCTTTGGAG,20,20,47,48,3,FALSE,PvGTSeq271/PvGTSeq258/PvGTSeq249
LRR5,PvP01_13_v1,802184,802337,802261,154,141789,PVP01_1317100,LRR5,GCAGCGTCAGATGTGTATAAGAGACAGTGTACCTTATGCACACGTTCAGA,TGGGCTCGGAGATGTGTATAAGAGACAGGCGAAACATGATGCTGCGAA,TGTACCTTATGCACACGTTCAGA,GCGAAACATGATGCTGCGAA,23,20,50,48,3,FALSE,PvGTSeq271/PvGTSeq258/PvGTSeq249
PVP01_1320900,PvP01_13_v1,943970,944129,944050,160,118788,PVP01_1320900,PVP01_1320900,GCAGCGTCAGATGTGTATAAGAGACAGGCAGAACAAGTTGAAGCCCC,TGGGCTCGGAGATGTGTATAAGAGACAGATGGGAACGGAAGGCTGAAG,GCAGAACAAGTTGAAGCCCC,ATGGGAACGGAAGGCTGAAG,20,20,47,48,3,TRUE,PvGTSeq271/PvGTSeq258/PvGTSeq249
PVP01_1323700,PvP01_13_v1,1062752,1062923,1062838,172,134970,PVP01_1323700,PVP01_1323700,GCAGCGTCAGATGTGTATAAGAGACAGGGGAGGTACGTCGCTCATTG,TGGGCTCGGAGATGTGTATAAGAGACAGGTCCTCTCCCGGAAGTACCT,GGGAGGTACGTCGCTCATTG,GTCCTCTCCCGGAAGTACCT,20,20,47,48,6,FALSE,PvGTSeq271/PvGTSeq258/PvGTSeq249
P113,PvP01_13_v1,1197722,1197893,1197808,172,49492,PVP01_1328200,P113,GCAGCGTCAGATGTGTATAAGAGACAGAACGTCGTAGCTACCCTCCT,TGGGCTCGGAGATGTGTATAAGAGACAGGGCAATGTGACCACAGCAAA,AACGTCGTAGCTACCCTCCT,GGCAATGTGACCACAGCAAA,20,20,47,48,4,FALSE,PvGTSeq271/PvGTSeq258/PvGTSeq249
PVP01_1329500,PvP01_13_v1,1247223,1247376,1247300,154,162163,PVP01_1329500,PVP01_1329500,GCAGCGTCAGATGTGTATAAGAGACAGGCTACAGGAAAGGGACACCC,TGGGCTCGGAGATGTGTATAAGAGACAGGCTTGCTGCTGTGGTTTACC,GCTACAGGAAAGGGACACCC,GCTTGCTGCTGTGGTTTACC,20,20,47,48,3,TRUE,PvGTSeq271/PvGTSeq258/PvGTSeq249
MCA3,PvP01_13_v1,1409372,1409553,1409463,182,116872,PVP01_1332700,MCA3,GCAGCGTCAGATGTGTATAAGAGACAGAGGCGAACATTCAGCCAAGA,TGGGCTCGGAGATGTGTATAAGAGACAGTTCCGTGGTTGCCTTGCTC,AGGCGAACATTCAGCCAAGA,TTCCGTGGTTGCCTTGCTC,20,19,47,47,3,TRUE,PvGTSeq271/PvGTSeq258/PvGTSeq249
PVP01_1335200,PvP01_13_v1,1526240,1526430,1526335,191,214641,PVP01_1335200,PVP01_1335200,GCAGCGTCAGATGTGTATAAGAGACAGGCATCGGTTGATTGCGTCTC,TGGGCTCGGAGATGTGTATAAGAGACAGTTCCAACGTACCAGCGTGTC,GCATCGGTTGATTGCGTCTC,TTCCAACGTACCAGCGTGTC,20,20,47,48,3,FALSE,PvGTSeq271/PvGTSeq258/PvGTSeq249
PVP01_1339900,PvP01_13_v1,1740874,1741078,1740976,205,56210,PVP01_1339900,PVP01_1339900,GCAGCGTCAGATGTGTATAAGAGACAGACATCGTCCTTGCTGATGAAGT,TGGGCTCGGAGATGTGTATAAGAGACAGAGCAGACAGACGCACCAAAT,ACATCGTCCTTGCTGATGAAGT,AGCAGACAGACGCACCAAAT,22,20,49,48,4,FALSE,PvGTSeq271/PvGTSeq258/PvGTSeq249
ApiAP2_G2,PvP01_13_v1,1797133,1797239,1797186,107,159764,PVP01_1340800,ApiAP2_G2,GCAGCGTCAGATGTGTATAAGAGACAGGCAAAGTTCCTGGGGAGTGT,TGGGCTCGGAGATGTGTATAAGAGACAGTGTGTTCTGCTCATCGCTGT,GCAAAGTTCCTGGGGAGTGT,TGTGTTCTGCTCATCGCTGT,20,20,47,48,3,TRUE,PvGTSeq271/PvGTSeq258/PvGTSeq249
PVP01_1344700,PvP01_13_v1,1956891,1957008,1956950,118,24469,PVP01_1344700,PVP01_1344700,GCAGCGTCAGATGTGTATAAGAGACAGTTTTAAGGCCAAGTGTGCGC,TGGGCTCGGAGATGTGTATAAGAGACAGGATGGCCCCGAATGAGCATA,TTTTAAGGCCAAGTGTGCGC,GATGGCCCCGAATGAGCATA,20,20,47,48,3,TRUE,PvGTSeq271/PvGTSeq258/PvGTSeq249
PVP01_1345500,PvP01_13_v1,1981350,1981488,1981419,139,6966,PVP01_1345500,PVP01_1345500,GCAGCGTCAGATGTGTATAAGAGACAGCCAACGGGGGTAGCAAATCT,TGGGCTCGGAGATGTGTATAAGAGACAGTGGAAGATTTGCCCCATCGG,CCAACGGGGGTAGCAAATCT,TGGAAGATTTGCCCCATCGG,20,20,47,48,4,FALSE,PvGTSeq271/PvGTSeq258/PvGTSeq249
RBP2a_1,PvP01_14_v1,116240,116399,116320,160,3772,PVP01_1402400,RBP2a,GCAGCGTCAGATGTGTATAAGAGACAGAGACATTACTGCAAACTTTTGGCA,TGGGCTCGGAGATGTGTATAAGAGACAGGGTGGCCAATTCTTCTATCAGC,AGACATTACTGCAAACTTTTGGCA,GGTGGCCAATTCTTCTATCAGC,24,22,51,50,4,FALSE,PvGTSeq271/PvGTSeq258/PvGTSeq249
RBP2a_2,PvP01_14_v1,120026,120157,120092,132,22039,PVP01_1402400,RBP2a,GCAGCGTCAGATGTGTATAAGAGACAGAGCGAATGACTCCTCAGCAA,TGGGCTCGGAGATGTGTATAAGAGACAGTCTGGTCGCTTCCTGAACAT,AGCGAATGACTCCTCAGCAA,TCTGGTCGCTTCCTGAACAT,20,20,47,48,3,FALSE,PvGTSeq271/PvGTSeq258/PvGTSeq249
PVP01_1403000,PvP01_14_v1,142036,142226,142131,191,108121,PVP01_1403000,PVP01_1403000,GCAGCGTCAGATGTGTATAAGAGACAGTCTGGCTGCCACAGAATCAA,TGGGCTCGGAGATGTGTATAAGAGACAGGAAATTGCAGCGCAGGGAAC,TCTGGCTGCCACAGAATCAA,GAAATTGCAGCGCAGGGAAC,20,20,47,48,3,FALSE,PvGTSeq271/PvGTSeq258/PvGTSeq249
CAPH,PvP01_14_v1,250173,250331,250252,159,54028,PVP01_1404900,CAPH,GCAGCGTCAGATGTGTATAAGAGACAGCCCTGCTCGCCATCTTCTAA,TGGGCTCGGAGATGTGTATAAGAGACAGGCAGTGACGCAATGGTGAAG,CCCTGCTCGCCATCTTCTAA,GCAGTGACGCAATGGTGAAG,20,20,47,48,4,TRUE,PvGTSeq271/PvGTSeq258/PvGTSeq249
GCN1,PvP01_14_v1,304185,304375,304280,191,28210,PVP01_1406200,GCN1,GCAGCGTCAGATGTGTATAAGAGACAGGAAGGCTTCTTCCAACTCTTTGT,TGGGCTCGGAGATGTGTATAAGAGACAGGCCACCAAAAAGAAGGGCAA,GAAGGCTTCTTCCAACTCTTTGT,GCCACCAAAAAGAAGGGCAA,23,20,50,48,3,FALSE,PvGTSeq271/PvGTSeq258/PvGTSeq249
PVP01_1406900,PvP01_14_v1,332425,332555,332490,131,190794,PVP01_1406900,PVP01_1406900,GCAGCGTCAGATGTGTATAAGAGACAGCAATCGGCTTGGAACACCCA,TGGGCTCGGAGATGTGTATAAGAGACAGCCCTTGTTTTCTACTTTGTTTTCCCT,CAATCGGCTTGGAACACCCA,CCCTTGTTTTCTACTTTGTTTTCCCT,20,26,47,54,4,FALSE,PvGTSeq271/PvGTSeq258/PvGTSeq249
PVP01_1413100_1,PvP01_14_v1,577181,577359,577270,179,475,PVP01_1413100,PVP01_1413100,GCAGCGTCAGATGTGTATAAGAGACAGTGTTTCCCATTTCTTGCTCCAAA,TGGGCTCGGAGATGTGTATAAGAGACAGCGGGAGAATTAGGCCACTGT,TGTTTCCCATTTCTTGCTCCAAA,CGGGAGAATTAGGCCACTGT,23,20,50,48,3,TRUE,PvGTSeq271/PvGTSeq258/PvGTSeq249
PVP01_1413100_2,PvP01_14_v1,577671,577819,577745,149,97895,PVP01_1413100,PVP01_1413100,GCAGCGTCAGATGTGTATAAGAGACAGCGGCGACCCCCCATTTATTA,TGGGCTCGGAGATGTGTATAAGAGACAGTGTGCAGCTCTGTGTGCTAA,CGGCGACCCCCCATTTATTA,TGTGCAGCTCTGTGTGCTAA,20,20,47,48,3,FALSE,PvGTSeq271/PvGTSeq258/PvGTSeq249
TERT,PvP01_14_v1,675576,675704,675640,129,27484,PVP01_1415100,TERT,GCAGCGTCAGATGTGTATAAGAGACAGTCCTCAATTGGAAACAGGGGT,TGGGCTCGGAGATGTGTATAAGAGACAGAATGTCCCAAACTTTCAAGCTGT,TCCTCAATTGGAAACAGGGGT,AATGTCCCAAACTTTCAAGCTGT,21,23,48,51,3,FALSE,PvGTSeq271/PvGTSeq258/PvGTSeq249
PVP01_1415900,PvP01_14_v1,703070,703178,703124,109,120407,PVP01_1415900,PVP01_1415900,GCAGCGTCAGATGTGTATAAGAGACAGTGGCCCTCTCACACATTCTG,TGGGCTCGGAGATGTGTATAAGAGACAGGCAAGAGGGAAATCACAGAGC,TGGCCCTCTCACACATTCTG,GCAAGAGGGAAATCACAGAGC,20,21,47,49,3,FALSE,PvGTSeq271/PvGTSeq258/PvGTSeq249
PVP01_1418900,PvP01_14_v1,823481,823581,823531,101,119738,PVP01_1418900,PVP01_1418900,GCAGCGTCAGATGTGTATAAGAGACAGTGGAGGTGGCATTTTCAGTGA,TGGGCTCGGAGATGTGTATAAGAGACAGCTGGTGGTCGTATTTGGGCT,TGGAGGTGGCATTTTCAGTGA,CTGGTGGTCGTATTTGGGCT,21,20,48,48,3,FALSE,PvGTSeq271/PvGTSeq258/PvGTSeq249
PVP01_1421800,PvP01_14_v1,943199,943339,943269,141,84015,PVP01_1421800,PVP01_1421800,GCAGCGTCAGATGTGTATAAGAGACAGCAGCTGCACCATAACCAGGA,TGGGCTCGGAGATGTGTATAAGAGACAGGTTCGCAGTTTTTCCTGGGG,CAGCTGCACCATAACCAGGA,GTTCGCAGTTTTTCCTGGGG,20,20,47,48,5,TRUE,PvGTSeq271/PvGTSeq258/PvGTSeq249
PVP01_1423300,PvP01_14_v1,1027251,1027317,1027284,67,149834,PVP01_1423300,PVP01_1423300,GCAGCGTCAGATGTGTATAAGAGACAGTCGGTCGGACTCACTTTTCG,TGGGCTCGGAGATGTGTATAAGAGACAGGGCCTCTTCCTCCACCTCTA,TCGGTCGGACTCACTTTTCG,GGCCTCTTCCTCCACCTCTA,20,20,47,48,3,FALSE,PvGTSeq271/PvGTSeq258/PvGTSeq249
PVP01_1427600,PvP01_14_v1,1177024,1177211,1177118,188,93035,PVP01_1427600,PVP01_1427600,GCAGCGTCAGATGTGTATAAGAGACAGACGCCAGTGTTAAGAGCTCC,TGGGCTCGGAGATGTGTATAAGAGACAGAATGTCAATACATATGTTTCCGTCCA,ACGCCAGTGTTAAGAGCTCC,AATGTCAATACATATGTTTCCGTCCA,20,26,47,54,3,FALSE,PvGTSeq271/PvGTSeq258/PvGTSeq249
pvdhps_1,PvP01_14_v1,1270111,1270194,1270153,84,763,PVP01_1429500,pvdhps,GCAGCGTCAGATGTGTATAAGAGACAGTTGTGATGGGTCTCCGTTGG,TGGGCTCGGAGATGTGTATAAGAGACAGGAATGGGGAGGCCAAACTGA,TTGTGATGGGTCTCCGTTGG,GAATGGGGAGGCCAAACTGA,20,20,47,48,0,TRUE,PvGTSeq271/PvGTSeq258/PvGTSeq249
pvdhps_2,PvP01_14_v1,1270887,1270944,1270916,58,1278,PVP01_1429500,pvdhps,GCAGCGTCAGATGTGTATAAGAGACAGCCAAATCCCGTTCAGTGACG,TGGGCTCGGAGATGTGTATAAGAGACAGCGAAATGGCAAGTGATGGGG,CCAAATCCCGTTCAGTGACG,CGAAATGGCAAGTGATGGGG,20,20,47,48,1,TRUE,PvGTSeq271/PvGTSeq258/PvGTSeq249
pvdhps_4,PvP01_14_v1,1272166,1272221,1272194,56,23558,PVP01_1429500,pvdhps,GCAGCGTCAGATGTGTATAAGAGACAGCCCCCTAAAGTGTCCCCTCC,TGGGCTCGGAGATGTGTATAAGAGACAGACGAATGACAAAAAGAACTGCGT,CCCCCTAAAGTGTCCCCTCC,ACGAATGACAAAAAGAACTGCGT,20,23,47,51,1,FALSE,PvGTSeq271/PvGTSeq258/PvGTSeq249
PVP01_1430700,PvP01_14_v1,1342657,1342809,1342733,153,89860,PVP01_1430700,PVP01_1430700,GCAGCGTCAGATGTGTATAAGAGACAGCGGGTCCGATTCCCTTTCAT,TGGGCTCGGAGATGTGTATAAGAGACAGCGTCATCAAAGTAGGCTTCCG,CGGGTCCGATTCCCTTTCAT,CGTCATCAAAGTAGGCTTCCG,20,21,47,49,4,TRUE,PvGTSeq271/PvGTSeq258/PvGTSeq249
PIGO,PvP01_14_v1,1432507,1432678,1432593,172,33855,PVP01_1432900,PIGO,GCAGCGTCAGATGTGTATAAGAGACAGTCCCTCATGTGTACATCCCTCA,TGGGCTCGGAGATGTGTATAAGAGACAGAGTATCCCGGCGTGAAACTG,TCCCTCATGTGTACATCCCTCA,AGTATCCCGGCGTGAAACTG,22,20,49,48,7,TRUE,PvGTSeq271/PvGTSeq258/PvGTSeq249
PVP01_1434400,PvP01_14_v1,1466400,1466496,1466448,97,133679,PVP01_1434400,PVP01_1434400,GCAGCGTCAGATGTGTATAAGAGACAGGCGGACGAAGCAATAAAGGG,TGGGCTCGGAGATGTGTATAAGAGACAGCTGCAATTGTGGGCCCAATC,GCGGACGAAGCAATAAAGGG,CTGCAATTGTGGGCCCAATC,20,20,47,48,3,FALSE,PvGTSeq271/PvGTSeq258/PvGTSeq249
FRM2,PvP01_14_v1,1600057,1600197,1600127,141,40950,PVP01_1437800,FRM2,GCAGCGTCAGATGTGTATAAGAGACAGCAGCGAGACGAGGCTAAGAG,TGGGCTCGGAGATGTGTATAAGAGACAGTTTGGTACTCGCGTTGGGTT,CAGCGAGACGAGGCTAAGAG,TTTGGTACTCGCGTTGGGTT,20,20,47,48,3,TRUE,PvGTSeq271/PvGTSeq258/PvGTSeq249
PVP01_1438700,PvP01_14_v1,1641012,1641142,1641077,131,246590,PVP01_1438700,PVP01_1438700,GCAGCGTCAGATGTGTATAAGAGACAGCGAGCTGTTCAACATTAGGACC,TGGGCTCGGAGATGTGTATAAGAGACAGCTATGTCATTTGCGGTGCCG,CGAGCTGTTCAACATTAGGACC,CTATGTCATTTGCGGTGCCG,22,20,49,48,3,FALSE,PvGTSeq271/PvGTSeq258/PvGTSeq249
PVP01_1443400,PvP01_14_v1,1887614,1887719,1887667,106,35704,PVP01_1443400,PVP01_1443400,GCAGCGTCAGATGTGTATAAGAGACAGTGCTAATGCCATCGATCAGTCT,TGGGCTCGGAGATGTGTATAAGAGACAGTGTGTGTGGTGCAATGCATG,TGCTAATGCCATCGATCAGTCT,TGTGTGTGGTGCAATGCATG,22,20,49,48,3,FALSE,PvGTSeq271/PvGTSeq258/PvGTSeq249
PVP01_1444400,PvP01_14_v1,1923315,1923426,1923371,112,46525,PVP01_1444400,PVP01_1444400,GCAGCGTCAGATGTGTATAAGAGACAGGTAGTTGCCCCCCTTCGTC,TGGGCTCGGAGATGTGTATAAGAGACAGGGTGTACTGCAAGAGGGACC,GTAGTTGCCCCCCTTCGTC,GGTGTACTGCAAGAGGGACC,19,20,46,48,4,FALSE,PvGTSeq271/PvGTSeq258/PvGTSeq249
PVP01_1445500,PvP01_14_v1,1969841,1969951,1969896,111,59681,PVP01_1445500,PVP01_1445500,GCAGCGTCAGATGTGTATAAGAGACAGGGGCACAATGGAGAGGAACA,TGGGCTCGGAGATGTGTATAAGAGACAGTGGACGAGGGGAGGTTACTC,GGGCACAATGGAGAGGAACA,TGGACGAGGGGAGGTTACTC,20,20,47,48,3,TRUE,PvGTSeq271/PvGTSeq258/PvGTSeq249
pvmrp2_1,PvP01_14_v1,2057576,2057690,2057633,115,262,PVP01_1447300,pvmrp2,GCAGCGTCAGATGTGTATAAGAGACAGTGCGTCGAAGAACACATCCA,TGGGCTCGGAGATGTGTATAAGAGACAGCCCTCTTCCTCATATTTGTGGCA,TGCGTCGAAGAACACATCCA,CCCTCTTCCTCATATTTGTGGCA,20,23,47,51,2,FALSE,PvGTSeq271/PvGTSeq258/PvGTSeq249
pvmrp2_2,PvP01_14_v1,2057843,2057947,2057895,105,148838,PVP01_1447300,pvmrp2,GCAGCGTCAGATGTGTATAAGAGACAGGTTTGACGTTCCTTGCACGG,TGGGCTCGGAGATGTGTATAAGAGACAGGGAAGATGCCGCGATAGAGT,GTTTGACGTTCCTTGCACGG,GGAAGATGCCGCGATAGAGT,20,20,47,48,2,FALSE,PvGTSeq271/PvGTSeq258/PvGTSeq249
CG2_related,PvP01_14_v1,2206636,2206830,2206733,195,215978,PVP01_1450700,CG2_related,GCAGCGTCAGATGTGTATAAGAGACAGACTACGTAATTGCACCGCCA,TGGGCTCGGAGATGTGTATAAGAGACAGGGAGAAAGAGACTGGGCTCC,ACTACGTAATTGCACCGCCA,GGAGAAAGAGACTGGGCTCC,20,20,47,48,5,FALSE,PvGTSeq271/PvGTSeq258/PvGTSeq249
PWP1,PvP01_14_v1,2422649,2422773,2422711,125,72463,PVP01_1455700,PWP1,GCAGCGTCAGATGTGTATAAGAGACAGCAATTTGATGTGCAGCGGCT,TGGGCTCGGAGATGTGTATAAGAGACAGAGCGTTTTGTCCGATGAGGT,CAATTTGATGTGCAGCGGCT,AGCGTTTTGTCCGATGAGGT,20,20,47,48,4,FALSE,PvGTSeq271/PvGTSeq258/PvGTSeq249
ApiAP2_2,PvP01_14_v1,2495103,2495245,2495174,143,236245,PVP01_1457300,ApiAP2,GCAGCGTCAGATGTGTATAAGAGACAGGCAAGGAGGAGCAACTCGAA,TGGGCTCGGAGATGTGTATAAGAGACAGTTCTGCTGACCGTTCTGCTG,GCAAGGAGGAGCAACTCGAA,TTCTGCTGACCGTTCTGCTG,20,20,47,48,7,TRUE,PvGTSeq271/PvGTSeq258/PvGTSeq249
PVP01_1463400,PvP01_14_v1,2731334,2731503,2731419,170,28347,PVP01_1463400,PVP01_1463400,GCAGCGTCAGATGTGTATAAGAGACAGAATCCTACCTGCTGAGCTGC,TGGGCTCGGAGATGTGTATAAGAGACAGTCCTTTCGTTGCTGACCTCC,AATCCTACCTGCTGAGCTGC,TCCTTTCGTTGCTGACCTCC,20,20,47,48,3,FALSE,PvGTSeq271/PvGTSeq258/PvGTSeq249
PVP01_1464400,PvP01_14_v1,2759672,2759860,2759766,189,48477,PVP01_1464400,PVP01_1464400,GCAGCGTCAGATGTGTATAAGAGACAGTTACCGTCAACATGGGCAGT,TGGGCTCGGAGATGTGTATAAGAGACAGGCGCACGATCTCAAGTTGTG,TTACCGTCAACATGGGCAGT,GCGCACGATCTCAAGTTGTG,20,20,47,48,4,FALSE,PvGTSeq271/PvGTSeq258/PvGTSeq249
PVP01_1465800,PvP01_14_v1,2808160,2808325,2808243,166,86540,PVP01_1465800,PVP01_1465800,GCAGCGTCAGATGTGTATAAGAGACAGAAGCGACATCCATCGGAAGG,TGGGCTCGGAGATGTGTATAAGAGACAGCCCTTTGTTGTCTCCCAGCT,AAGCGACATCCATCGGAAGG,CCCTTTGTTGTCTCCCAGCT,20,20,47,48,3,TRUE,PvGTSeq271/PvGTSeq258/PvGTSeq249
PVP01_1467900,PvP01_14_v1,2894719,2894847,2894783,129,22310,PVP01_1467900,PVP01_1467900,GCAGCGTCAGATGTGTATAAGAGACAGGCCAAGGTGAAGTTGAAGCG,TGGGCTCGGAGATGTGTATAAGAGACAGTCGTGCTTTCCCTCTTCACC,GCCAAGGTGAAGTTGAAGCG,TCGTGCTTTCCCTCTTCACC,20,20,47,48,3,FALSE,PvGTSeq271/PvGTSeq258/PvGTSeq249
DRS1,PvP01_14_v1,2917024,2917161,2917093,138,64703,PVP01_1468600,DRS1,GCAGCGTCAGATGTGTATAAGAGACAGTGTGGAGGAATAGACGTAAAGCA,TGGGCTCGGAGATGTGTATAAGAGACAGCCTCCTTAAACCCCAGCTCC,TGTGGAGGAATAGACGTAAAGCA,CCTCCTTAAACCCCAGCTCC,23,20,50,48,3,FALSE,PvGTSeq271/PvGTSeq258/PvGTSeq249
PVP01_MIT00200_500,PvP01_MIT_v1,149,298,224,150,Inf,PVP01_MIT00200_500,PVP01_MIT00200_500,GCAGCGTCAGATGTGTATAAGAGACAGGCCGTTAGCAAGACATGATAGG,TGGGCTCGGAGATGTGTATAAGAGACAGTTAGCCAGGAAGTCAGCGTC,GCCGTTAGCAAGACATGATAGG,TTAGCCAGGAAGTCAGCGTC,22,20,49,48,7,FALSE,PvGTSeq271/PvGTSeq258/PvGTSeq249
