"","amplicon","chromosome","start","end","pos","length","gene_id","gene_name","gene_description"
"1","Pf3D7_01_v3:145388-145662","Pf3D7_01_v3",145421,145630,145526,210,"PF3D7_0103300","PF3D7_0103300","conserved protein%2C unknown function;ebi_biotype=protein_coding"
"2","Pf3D7_01_v3:162867-163115","Pf3D7_01_v3",162889,163092,162991,204,"PF3D7_0103600","PSH1","ATP-dependent DNA/RNA helicase PSH1;ebi_biotype=protein_coding"
"3","Pf3D7_01_v3:181512-181761","Pf3D7_01_v3",181545,181729,181637,185,"PF3D7_0104100","PF3D7_0104100","protein E140%2C putative;ebi_biotype=protein_coding"
"4","Pf3D7_01_v3:455794-456054","Pf3D7_01_v3",455827,456021,455924,195,NA,NA,NA
"5","Pf3D7_01_v3:528859-529104","Pf3D7_01_v3",528890,529073,528982,184,"PF3D7_0113800","PF3D7_0113800","DBL containing protein%2C unknown function;ebi_biotype=protein_coding"
"6","Pf3D7_01_v3:535965-536239","Pf3D7_01_v3",535995,536206,536101,212,"PF3D7_0113800","PF3D7_0113800","DBL containing protein%2C unknown function;ebi_biotype=protein_coding"
"7","Pf3D7_02_v3:290580-290821","Pf3D7_02_v3",290611,290789,290700,179,"PF3D7_0207300","SERA8","serine repeat antigen 8;ebi_biotype=protein_coding"
"8","Pf3D7_02_v3:291770-292017","Pf3D7_02_v3",291802,291984,291893,183,"PF3D7_0207300","SERA8","serine repeat antigen 8;ebi_biotype=protein_coding"
"9","Pf3D7_02_v3:470437-470709","Pf3D7_02_v3",470470,470676,470573,207,"PF3D7_0211700","TKL1","tyrosine kinase-like protein%2C putative;ebi_biotype=protein_coding"
"10","Pf3D7_02_v3:503040-503288","Pf3D7_02_v3",503072,503260,503166,189,"PF3D7_0212400","PF3D7_0212400","conserved Plasmodium membrane protein%2C unknown function;ebi_biotype=protein_coding"
"11","Pf3D7_02_v3:628941-629172","Pf3D7_02_v3",628974,629143,629059,170,"PF3D7_0215300","ACS8","acyl-CoA synthetase;ebi_biotype=protein_coding"
"12","Pf3D7_02_v3:630641-630907","Pf3D7_02_v3",630674,630874,630774,201,"PF3D7_0215300","ACS8","acyl-CoA synthetase;ebi_biotype=protein_coding"
"13","Pf3D7_03_v3:85507-85756","Pf3D7_03_v3",85540,85723,85632,184,"PF3D7_0301400","PF3D7_0301400","Plasmodium exported protein%2C unknown function;ebi_biotype=protein_coding"
"14","Pf3D7_03_v3:515418-515657","Pf3D7_03_v3",515441,515629,515535,189,"PF3D7_0312100","PF3D7_0312100","E3 ubiquitin-protein ligase;ebi_biotype=protein_coding"
"15","Pf3D7_03_v3:653961-654206","Pf3D7_03_v3",653994,654177,654086,184,"PF3D7_0316200","PF3D7_0316200","conserved Plasmodium protein%2C unknown function;ebi_biotype=protein_coding"
"16","Pf3D7_03_v3:855426-855697","Pf3D7_03_v3",855456,855664,855560,209,"PF3D7_0320400","Cap380","oocyst capsule protein Cap380;ebi_biotype=protein_coding"
"17","Pf3D7_03_v3:891553-891827","Pf3D7_03_v3",891586,891794,891690,209,"PF3D7_0321300","PF3D7_0321300","conserved Plasmodium protein%2C unknown function;ebi_biotype=protein_coding"
"18","Pf3D7_04_v3:109939-110184","Pf3D7_04_v3",109962,110151,110057,190,"PF3D7_0401900","ACS6","acyl-CoA synthetase;ebi_biotype=protein_coding"
"19","Pf3D7_04_v3:115455-115684","Pf3D7_04_v3",115484,115652,115568,169,"PF3D7_0402000","PF3D7_0402000","Plasmodium exported protein (PHISTa)%2C unknown function;ebi_biotype=protein_coding"
"20","Pf3D7_04_v3:133581-133830","Pf3D7_04_v3",133613,133801,133707,189,"PF3D7_0402200","PF3D7_0402200","surface-associated interspersed protein 4.1 (SURFIN 4.1)%2C pseudogene;ebi_biotype=pseudogene_with_CDS"
"21","Pf3D7_04_v3:133928-134154","Pf3D7_04_v3",133961,134121,134041,161,"PF3D7_0402200","PF3D7_0402200","surface-associated interspersed protein 4.1 (SURFIN 4.1)%2C pseudogene;ebi_biotype=pseudogene_with_CDS"
"22","Pf3D7_04_v3:140317-140548","Pf3D7_04_v3",140350,140516,140433,167,"PF3D7_0402300","RH1","reticulocyte binding protein homologue 1;ebi_biotype=protein_coding"
"23","Pf3D7_04_v3:141741-141990","Pf3D7_04_v3",141762,141957,141860,196,"PF3D7_0402300","RH1","reticulocyte binding protein homologue 1;ebi_biotype=protein_coding"
"24","Pf3D7_04_v3:284121-284364","Pf3D7_04_v3",284154,284333,284244,180,"PF3D7_0405300","LISP2","liver specific protein 2%2C putative;ebi_biotype=protein_coding"
"25","Pf3D7_04_v3:316593-316858","Pf3D7_04_v3",316624,316825,316725,202,"PF3D7_0405900","ASP","apical sushi protein;ebi_biotype=protein_coding"
"26","Pf3D7_04_v3:544454-544718","Pf3D7_04_v3",544487,544685,544586,199,"PF3D7_0412300","PF3D7_0412300","phosphopantothenoylcysteine synthetase%2C putative;ebi_biotype=protein_coding"
"27","Pf3D7_04_v3:648065-648332","Pf3D7_04_v3",648097,648299,648198,203,"PF3D7_0414200","PF3D7_0414200","calmodulin-like protein;ebi_biotype=protein_coding"
"28","Pf3D7_04_v3:900526-900759","Pf3D7_04_v3",900559,900729,900644,171,"PF3D7_0420000","PF3D7_0420000","zinc finger protein%2C putative;ebi_biotype=protein_coding"
"29","Pf3D7_04_v3:1005938-1006187","Pf3D7_04_v3",1005971,1006155,1006063,185,"PF3D7_0422200","PF3D7_0422200","erythrocyte membrane-associated antigen;ebi_biotype=protein_coding"
"30","Pf3D7_04_v3:1037644-1037891","Pf3D7_04_v3",1037677,1037859,1037768,183,"PF3D7_0422500","BRR2","pre-mRNA-splicing helicase BRR2%2C putative;ebi_biotype=protein_coding"
"31","Pf3D7_04_v3:1113397-1113639","Pf3D7_04_v3",1113422,1113612,1113517,191,"PF3D7_0424600","PF3D7_0424600","Plasmodium exported protein (PHISTb);ebi_biotype=protein_coding"
"32","Pf3D7_05_v3:213027-213251","Pf3D7_05_v3",213060,213219,213140,160,"PF3D7_0505000","PF3D7_0505000","MMS19-like protein%2C putative;ebi_biotype=protein_coding"
"33","Pf3D7_05_v3:350808-351052","Pf3D7_05_v3",350841,351019,350930,179,"PF3D7_0508500","ND6","ND6 protein%2C putative;ebi_biotype=protein_coding"
"34","Pf3D7_05_v3:369676-369949","Pf3D7_05_v3",369706,369916,369811,211,"PF3D7_0508900","AAP6","protein AAP6;ebi_biotype=protein_coding"
"35","Pf3D7_05_v3:395887-396136","Pf3D7_05_v3",395920,396103,396012,184,"PF3D7_0509400","RNAPI","RNA polymerase I;ebi_biotype=protein_coding"
"36","Pf3D7_05_v3:550803-551072","Pf3D7_05_v3",550835,551043,550939,209,"PF3D7_0512800","PF3D7_0512800","conserved Plasmodium protein%2C unknown function;ebi_biotype=protein_coding"
"37","Pf3D7_05_v3:641131-641404","Pf3D7_05_v3",641163,641373,641268,211,"PF3D7_0515500","GEP1","gametogenesis essential protein 1%2C putative;ebi_biotype=protein_coding"
"38","Pf3D7_05_v3:668763-669004","Pf3D7_05_v3",668788,668979,668884,192,"PF3D7_0516100","ATPase1","cation-transporting ATPase 1;ebi_biotype=protein_coding"
"39","Pf3D7_05_v3:796518-796759","Pf3D7_05_v3",796551,796728,796640,178,"PF3D7_0519300","COX10","protoheme IX farnesyltransferase;ebi_biotype=protein_coding"
"40","Pf3D7_05_v3:1188456-1188706","Pf3D7_05_v3",1188489,1188673,1188581,185,"PF3D7_0529000","TIP","T-cell immunomodulatory protein homolog%2C putative;ebi_biotype=protein_coding"
"41","Pf3D7_05_v3:1322099-1322341","Pf3D7_05_v3",1322132,1322313,1322223,182,NA,NA,NA
"42","Pf3D7_06_v3:145285-145531","Pf3D7_06_v3",145318,145502,145410,185,"PF3D7_0603600","PF3D7_0603600","AT-rich interactive domain-containing protein%2C putative;ebi_biotype=protein_coding"
"43","Pf3D7_06_v3:176108-176338","Pf3D7_06_v3",176139,176305,176222,167,"PF3D7_0604100","SIP2","AP2 domain transcription factor;ebi_biotype=protein_coding"
"44","Pf3D7_06_v3:416462-416720","Pf3D7_06_v3",416487,416688,416588,202,"PF3D7_0609700","KIC6","protein KIC6;ebi_biotype=protein_coding"
"45","Pf3D7_06_v3:532166-532407","Pf3D7_06_v3",532195,532380,532288,186,"PF3D7_0612900","NOG1","nucleolar GTP-binding protein 1%2C putative;ebi_biotype=protein_coding"
"46","Pf3D7_06_v3:851492-851765","Pf3D7_06_v3",851516,851740,851628,225,"PF3D7_0620400","MSP10","merozoite surface protein 10;ebi_biotype=protein_coding"
"47","Pf3D7_06_v3:1115900-1116168","Pf3D7_06_v3",1115932,1116136,1116034,205,"PF3D7_0627800","ACAS","acetyl-CoA synthetase;ebi_biotype=protein_coding"
"48","Pf3D7_06_v3:1128558-1128797","Pf3D7_06_v3",1128591,1128771,1128681,181,"PF3D7_0628100","HECT1","HECT domain-containing protein 1%2C putative;ebi_biotype=protein_coding"
"49","Pf3D7_06_v3:1135605-1135855","Pf3D7_06_v3",1135638,1135827,1135733,190,"PF3D7_0628100","HECT1","HECT domain-containing protein 1%2C putative;ebi_biotype=protein_coding"
"50","Pf3D7_06_v3:1136091-1136364","Pf3D7_06_v3",1136122,1136332,1136227,211,"PF3D7_0628100","HECT1","HECT domain-containing protein 1%2C putative;ebi_biotype=protein_coding"
"51","Pf3D7_06_v3:1140900-1141174","Pf3D7_06_v3",1140925,1141141,1141033,217,"PF3D7_0628100","HECT1","HECT domain-containing protein 1%2C putative;ebi_biotype=protein_coding"
"52","Pf3D7_06_v3:1192628-1192867","Pf3D7_06_v3",1192660,1192836,1192748,177,"PF3D7_0628900","PF3D7_0628900","RAP protein%2C putative;ebi_biotype=protein_coding"
"53","Pf3D7_06_v3:1197245-1197515","Pf3D7_06_v3",1197278,1197483,1197381,206,"PF3D7_0629100","NAPRT","nicotinate phosphoribosyltransferase%2C putative;ebi_biotype=protein_coding"
"54","Pf3D7_06_v3:1235395-1235658","Pf3D7_06_v3",1235428,1235625,1235527,198,"PF3D7_0629700","SET1","SET domain protein%2C putative;ebi_biotype=protein_coding"
"55","Pf3D7_06_v3:1282656-1282930","Pf3D7_06_v3",1282688,1282898,1282793,211,"PF3D7_0630600","PF3D7_0630600","deubiquitinating enzyme MINDY%2C putative;ebi_biotype=protein_coding"
"56","Pf3D7_07_v3:105172-105442","Pf3D7_07_v3",105201,105414,105308,214,"PF3D7_0702500","PF3D7_0702500","Plasmodium exported protein%2C unknown function;ebi_biotype=protein_coding"
"57","Pf3D7_07_v3:432832-433091","Pf3D7_07_v3",432856,433064,432960,209,"PF3D7_0709600","POP1","ribonucleases P/MRP protein subunit POP1%2C putative;ebi_biotype=protein_coding"
"58","Pf3D7_07_v3:475313-475545","Pf3D7_07_v3",475344,475512,475428,169,"PF3D7_0710400","RAD14","DNA repair protein RAD14%2C putative;ebi_biotype=protein_coding"
"59","Pf3D7_07_v3:627351-627625","Pf3D7_07_v3",627382,627592,627487,211,"PF3D7_0713900","PF3D7_0713900","conserved Plasmodium protein%2C unknown function;ebi_biotype=protein_coding"
"60","Pf3D7_07_v3:717260-717493","Pf3D7_07_v3",717293,717461,717377,169,"PF3D7_0716300","PF3D7_0716300","conserved protein%2C unknown function;ebi_biotype=protein_coding"
"61","Pf3D7_07_v3:729480-729750","Pf3D7_07_v3",729508,729725,729617,218,"PF3D7_0716700","PF3D7_0716700","conserved Plasmodium protein%2C unknown function;ebi_biotype=protein_coding"
"62","Pf3D7_07_v3:1028330-1028603","Pf3D7_07_v3",1028362,1028570,1028466,209,"PF3D7_0724600","PF3D7_0724600","protein kinase%2C putative;ebi_biotype=protein_coding"
"63","Pf3D7_07_v3:1043981-1044225","Pf3D7_07_v3",1044012,1044195,1044104,184,"PF3D7_0724700","BDP6","bromodomain protein 6%2C putative;ebi_biotype=protein_coding"
"64","Pf3D7_07_v3:1066661-1066903","Pf3D7_07_v3",1066694,1066879,1066787,186,"PF3D7_0725100","PF3D7_0725100","conserved Plasmodium membrane protein%2C unknown function;ebi_biotype=protein_coding"
"65","Pf3D7_07_v3:1149367-1149613","Pf3D7_07_v3",1149399,1149585,1149492,187,"PF3D7_0727000","VPS53","vacuolar protein sorting-associated protein 53%2C putative;ebi_biotype=protein_coding"
"66","Pf3D7_08_v3:102277-102527","Pf3D7_08_v3",102309,102500,102405,192,"PF3D7_0801300","WARP","von Willebrand factor A domain-related protein;ebi_biotype=protein_coding"
"67","Pf3D7_08_v3:336421-336651","Pf3D7_08_v3",336454,336618,336536,165,"PF3D7_0806200","DPY19","Dpy-19-like C-mannosyltransferase;ebi_biotype=protein_coding"
"68","Pf3D7_08_v3:399693-399961","Pf3D7_08_v3",399719,399934,399827,216,"PF3D7_0807800","RPN10","26S proteasome regulatory subunit RPN10%2C putative;ebi_biotype=protein_coding"
"69","Pf3D7_08_v3:412801-413062","Pf3D7_08_v3",412834,413029,412932,196,"PF3D7_0808100","PF3D7_0808100","AP-3 complex subunit delta%2C putative;ebi_biotype=protein_coding"
"70","Pf3D7_08_v3:476232-476475","Pf3D7_08_v3",476265,476442,476354,178,"PF3D7_0809400","PF3D7_0809400","conserved protein%2C unknown function;ebi_biotype=protein_coding"
"71","Pf3D7_08_v3:585331-585590","Pf3D7_08_v3",585364,585562,585463,199,"PF3D7_0811600","PF3D7_0811600","conserved protein%2C unknown function;ebi_biotype=protein_coding"
"72","Pf3D7_08_v3:585703-585949","Pf3D7_08_v3",585736,585916,585826,181,"PF3D7_0811600","PF3D7_0811600","conserved protein%2C unknown function;ebi_biotype=protein_coding"
"73","Pf3D7_08_v3:585993-586266","Pf3D7_08_v3",586025,586233,586129,209,"PF3D7_0811600","PF3D7_0811600","conserved protein%2C unknown function;ebi_biotype=protein_coding"
"74","Pf3D7_08_v3:1056678-1056903","Pf3D7_08_v3",1056703,1056878,1056791,176,"PF3D7_0824200","PF3D7_0824200","conserved Plasmodium protein%2C unknown function;ebi_biotype=protein_coding"
"75","Pf3D7_08_v3:1099719-1099977","Pf3D7_08_v3",1099751,1099944,1099848,194,"PF3D7_0825500","KRI1","protein KRI1%2C putative;ebi_biotype=protein_coding"
"76","Pf3D7_08_v3:1176313-1176549","Pf3D7_08_v3",1176346,1176524,1176435,179,"PF3D7_0827100","IF2c","translation initiation factor IF-2%2C putative;ebi_biotype=protein_coding"
"77","Pf3D7_08_v3:1313088-1313338","Pf3D7_08_v3",1313120,1313308,1313214,189,"PF3D7_0830800","PF3D7_0830800","surface-associated interspersed protein 8.2 (SURFIN 8.2);ebi_biotype=protein_coding"
"78","Pf3D7_08_v3:1314717-1314986","Pf3D7_08_v3",1314744,1314953,1314849,210,"PF3D7_0830800","PF3D7_0830800","surface-associated interspersed protein 8.2 (SURFIN 8.2);ebi_biotype=protein_coding"
"79","Pf3D7_08_v3:1344618-1344845","Pf3D7_08_v3",1344651,1344813,1344732,163,"PF3D7_0831400","PF3D7_0831400","Plasmodium exported protein%2C unknown function;ebi_biotype=protein_coding"
"80","Pf3D7_09_v3:82006-82236","Pf3D7_09_v3",82034,82203,82119,170,"PF3D7_0901700","PF3D7_0901700","Plasmodium exported protein (hyp5)%2C unknown function;ebi_biotype=protein_coding"
"81","Pf3D7_09_v3:163813-164052","Pf3D7_09_v3",163846,164021,163934,176,"PF3D7_0903500","NUP138","nucleoporin NUP138%2C putative;ebi_biotype=protein_coding"
"82","Pf3D7_09_v3:164045-164311","Pf3D7_09_v3",164075,164287,164181,213,"PF3D7_0903500","NUP138","nucleoporin NUP138%2C putative;ebi_biotype=protein_coding"
"83","Pf3D7_09_v3:202854-203106","Pf3D7_09_v3",202887,203076,202982,190,"PF3D7_0904300","PF3D7_0904300","conserved protein%2C unknown function;ebi_biotype=protein_coding"
"84","Pf3D7_09_v3:270915-271160","Pf3D7_09_v3",270942,271136,271039,195,"PF3D7_0905400","RhopH3","high molecular weight rhoptry protein 3;ebi_biotype=protein_coding"
"85","Pf3D7_09_v3:516735-517007","Pf3D7_09_v3",516767,516980,516874,214,"PF3D7_0911300","CRMP1","cysteine repeat modular protein 1;ebi_biotype=protein_coding"
"86","Pf3D7_09_v3:595828-596094","Pf3D7_09_v3",595861,596063,595962,203,"PF3D7_0913900","RRSapi","arginine--tRNA ligase%2C putative;ebi_biotype=protein_coding"
"87","Pf3D7_09_v3:685560-685825","Pf3D7_09_v3",685588,685792,685690,205,"PF3D7_0916400","PF3D7_0916400","conserved Plasmodium protein%2C unknown function;ebi_biotype=protein_coding"
"88","Pf3D7_09_v3:1015103-1015350","Pf3D7_09_v3",1015131,1015317,1015224,187,"PF3D7_0925100","PF3D7_0925100","conserved Plasmodium protein%2C unknown function;ebi_biotype=protein_coding"
"89","Pf3D7_09_v3:1406342-1406614","Pf3D7_09_v3",1406372,1406581,1406477,210,"PF3D7_0935600","GIG","gametocytogenesis-implicated protein;ebi_biotype=protein_coding"
"90","Pf3D7_10_v3:992331-992603","Pf3D7_10_v3",992363,992570,992467,208,"PF3D7_1023700","PF3D7_1023700","conserved Plasmodium protein%2C unknown function;ebi_biotype=protein_coding"
"91","Pf3D7_10_v3:992596-992869","Pf3D7_10_v3",992622,992836,992729,215,"PF3D7_1023700","PF3D7_1023700","conserved Plasmodium protein%2C unknown function;ebi_biotype=protein_coding"
"92","Pf3D7_10_v3:1386657-1386909","Pf3D7_10_v3",1386690,1386876,1386783,187,"PF3D7_1035000","PF3D7_1035000","U2 snRNA/tRNA pseudouridine synthase%2C putative;ebi_biotype=protein_coding"
"93","Pf3D7_10_v3:1392371-1392620","Pf3D7_10_v3",1392400,1392588,1392494,189,"PF3D7_1035100","PF3D7_1035100","probable protein%2C unknown function;ebi_biotype=protein_coding"
"94","Pf3D7_10_v3:1414337-1414596","Pf3D7_10_v3",1414370,1414565,1414468,196,"PF3D7_1035700","DBLMSP","duffy binding-like merozoite surface protein;ebi_biotype=protein_coding"
"95","Pf3D7_10_v3:1414599-1414832","Pf3D7_10_v3",1414631,1414799,1414715,169,"PF3D7_1035700","DBLMSP","duffy binding-like merozoite surface protein;ebi_biotype=protein_coding"
"96","Pf3D7_11_v3:115913-116184","Pf3D7_11_v3",115946,116151,116049,206,"PF3D7_1102400","PPCS","phosphopantothenate--cysteine ligase%2C putative;ebi_biotype=protein_coding"
"97","Pf3D7_11_v3:119432-119705","Pf3D7_11_v3",119464,119672,119568,209,"PF3D7_1102500","GEXP02","gametocyte exported protein 2;ebi_biotype=protein_coding"
"98","Pf3D7_11_v3:408285-408534","Pf3D7_11_v3",408317,408504,408411,188,"PF3D7_1110200","PRPF6","pre-mRNA-processing factor 6%2C putative;ebi_biotype=protein_coding"
"99","Pf3D7_11_v3:408543-408771","Pf3D7_11_v3",408573,408747,408660,175,"PF3D7_1110200","PRPF6","pre-mRNA-processing factor 6%2C putative;ebi_biotype=protein_coding"
"100","Pf3D7_11_v3:497277-497548","Pf3D7_11_v3",497307,497519,497413,213,"PF3D7_1113000","PF3D7_1113000","conserved Plasmodium protein%2C unknown function;ebi_biotype=protein_coding"
"101","Pf3D7_11_v3:1006693-1006917","Pf3D7_11_v3",1006726,1006893,1006810,168,"PF3D7_1125700","PF3D7_1125700","kelch domain-containing protein%2C putative;ebi_biotype=protein_coding"
"102","Pf3D7_11_v3:1018781-1019053","Pf3D7_11_v3",1018814,1019021,1018918,208,"PF3D7_1126100","ATG7","autophagy-related protein 7%2C putative;ebi_biotype=protein_coding"
"103","Pf3D7_11_v3:1019050-1019319","Pf3D7_11_v3",1019079,1019287,1019183,209,"PF3D7_1126100","ATG7","autophagy-related protein 7%2C putative;ebi_biotype=protein_coding"
"104","Pf3D7_11_v3:1127074-1127316","Pf3D7_11_v3",1127104,1127294,1127199,191,"PF3D7_1129100","PV1","parasitophorous vacuolar protein 1;ebi_biotype=protein_coding"
"105","Pf3D7_11_v3:1293919-1294168","Pf3D7_11_v3",1293944,1294136,1294040,193,"PF3D7_1133400","AMA1","apical membrane antigen 1;ebi_biotype=protein_coding"
"106","Pf3D7_11_v3:1294664-1294910","Pf3D7_11_v3",1294691,1294888,1294790,198,"PF3D7_1133400","AMA1","apical membrane antigen 1;ebi_biotype=protein_coding"
"107","Pf3D7_11_v3:1295103-1295335","Pf3D7_11_v3",1295136,1295311,1295224,176,"PF3D7_1133400","AMA1","apical membrane antigen 1;ebi_biotype=protein_coding"
"108","Pf3D7_11_v3:1295371-1295597","Pf3D7_11_v3",1295398,1295564,1295481,167,"PF3D7_1133400","AMA1","apical membrane antigen 1;ebi_biotype=protein_coding"
"109","Pf3D7_11_v3:1374917-1375148","Pf3D7_11_v3",1374947,1375115,1375031,169,"PF3D7_1135100","PPM8","protein phosphatase PPM8%2C putative;ebi_biotype=protein_coding"
"110","Pf3D7_11_v3:1375807-1376056","Pf3D7_11_v3",1375840,1376024,1375932,185,"PF3D7_1135100","PPM8","protein phosphatase PPM8%2C putative;ebi_biotype=protein_coding"
"111","Pf3D7_11_v3:1376058-1376305","Pf3D7_11_v3",1376087,1376276,1376182,190,"PF3D7_1135100","PPM8","protein phosphatase PPM8%2C putative;ebi_biotype=protein_coding"
"112","Pf3D7_11_v3:1816152-1816378","Pf3D7_11_v3",1816179,1816346,1816263,168,"PF3D7_1145800","PF3D7_1145800","conserved Plasmodium protein%2C unknown function;ebi_biotype=protein_coding"
"113","Pf3D7_11_v3:1934962-1935236","Pf3D7_11_v3",1934990,1935203,1935097,214,"PF3D7_1148700","GEXP12","Plasmodium exported protein (PHISTc)%2C unknown function;ebi_biotype=protein_coding"
"114","Pf3D7_12_v3:63081-63314","Pf3D7_12_v3",63114,63281,63198,168,"PF3D7_1200700","ACS7","acyl-CoA synthetase;ebi_biotype=protein_coding"
"115","Pf3D7_12_v3:233418-233671","Pf3D7_12_v3",233446,233639,233543,194,"PF3D7_1205400","PF3D7_1205400","kelch domain-containing protein%2C putative;ebi_biotype=protein_coding"
"116","Pf3D7_12_v3:529495-529767","Pf3D7_12_v3",529527,529735,529631,209,"PF3D7_1211900","ATP4","non-SERCA-type Ca2+ -transporting P-ATPase;ebi_biotype=protein_coding"
"117","Pf3D7_12_v3:659881-660127","Pf3D7_12_v3",659903,660096,660000,194,"PF3D7_1216600","CelTOS","cell traversal protein for ookinetes and sporozoites;ebi_biotype=protein_coding"
"118","Pf3D7_12_v3:684011-684240","Pf3D7_12_v3",684044,684207,684126,164,"PF3D7_1217300","EngA","GTP-binding protein EngA;ebi_biotype=protein_coding"
"119","Pf3D7_12_v3:857050-857323","Pf3D7_12_v3",857083,857293,857188,211,"PF3D7_1221400","IMC1h","inner membrane complex protein 1h%2C putative;ebi_biotype=protein_coding"
"120","Pf3D7_12_v3:1959644-1959891","Pf3D7_12_v3",1959669,1959858,1959764,190,"PF3D7_1247500","PF3D7_1247500","serine/threonine protein kinase%2C putative;ebi_biotype=protein_coding"
"121","Pf3D7_13_v3:146695-146934","Pf3D7_13_v3",146725,146904,146815,180,"PF3D7_1302700","PF3D7_1302700","ATP-dependent RNA helicase DHR1%2C putative;ebi_biotype=protein_coding"
"122","Pf3D7_13_v3:156456-156685","Pf3D7_13_v3",156487,156652,156570,166,"PF3D7_1302900","PF3D7_1302900","conserved protein%2C unknown function;ebi_biotype=protein_coding"
"123","Pf3D7_13_v3:156713-156986","Pf3D7_13_v3",156746,156956,156851,211,"PF3D7_1302900","PF3D7_1302900","conserved protein%2C unknown function;ebi_biotype=protein_coding"
"124","Pf3D7_13_v3:388138-388408","Pf3D7_13_v3",388171,388378,388275,208,"PF3D7_1308400","PF3D7_1308400","conserved Plasmodium protein%2C unknown function;ebi_biotype=protein_coding"
"125","Pf3D7_13_v3:479569-479811","Pf3D7_13_v3",479602,479778,479690,177,"PF3D7_1311100","PF3D7_1311100","meiosis-specific nuclear structural protein 1%2C putative;ebi_biotype=protein_coding"
"126","Pf3D7_13_v3:815862-816091","Pf3D7_13_v3",815895,816058,815977,164,"PF3D7_1319700","PF3D7_1319700","protein phosphatase PP2A regulatory subunit A%2C putative;ebi_biotype=protein_coding"
"127","Pf3D7_13_v3:852647-852921","Pf3D7_13_v3",852680,852897,852789,218,"PF3D7_1320700","PF3D7_1320700","conserved protein%2C unknown function;ebi_biotype=protein_coding"
"128","Pf3D7_13_v3:911757-912005","Pf3D7_13_v3",911783,911974,911879,192,"PF3D7_1321900","PF3D7_1321900","conserved protein%2C unknown function;ebi_biotype=protein_coding"
"129","Pf3D7_13_v3:935613-935884","Pf3D7_13_v3",935645,935858,935752,214,"PF3D7_1322200","PF3D7_1322200","TOG domain-containing protein%2C putative;ebi_biotype=protein_coding"
"130","Pf3D7_13_v3:1004740-1005002","Pf3D7_13_v3",1004773,1004969,1004871,197,"PF3D7_1324300","PF3D7_1324300","conserved Plasmodium membrane protein%2C unknown function;ebi_biotype=protein_coding"
"131","Pf3D7_13_v3:1146764-1147010","Pf3D7_13_v3",1146789,1146982,1146886,194,"PF3D7_1327300","PF3D7_1327300","conserved Plasmodium protein%2C unknown function;ebi_biotype=protein_coding"
"132","Pf3D7_13_v3:1233093-1233332","Pf3D7_13_v3",1233118,1233299,1233209,182,"PF3D7_1329100","MyoF","myosin F%2C putative;ebi_biotype=protein_coding"
"133","Pf3D7_13_v3:1265494-1265726","Pf3D7_13_v3",1265527,1265694,1265611,168,"PF3D7_1329800","PF3D7_1329800","conserved Plasmodium protein%2C unknown function;ebi_biotype=protein_coding"
"134","Pf3D7_13_v3:1350855-1351093","Pf3D7_13_v3",1350888,1351062,1350975,175,"PF3D7_1332900","PF3D7_1332900","isoleucine--tRNA ligase%2C putative;ebi_biotype=protein_coding"
"135","Pf3D7_13_v3:1406713-1406975","Pf3D7_13_v3",1406746,1406947,1406847,202,"PF3D7_1334500","MSRP6","MSP7-like protein;ebi_biotype=protein_coding"
"136","Pf3D7_13_v3:1419363-1419626","Pf3D7_13_v3",1419396,1419601,1419499,206,"PF3D7_1335100","MSP7","merozoite surface protein 7;ebi_biotype=protein_coding"
"137","Pf3D7_13_v3:1465616-1465890","Pf3D7_13_v3",1465639,1465870,1465755,232,"PF3D7_1335900","TRAP","thrombospondin-related anonymous protein;ebi_biotype=protein_coding"
"138","Pf3D7_13_v3:1465901-1466157","Pf3D7_13_v3",1465926,1466124,1466025,199,"PF3D7_1335900","TRAP","thrombospondin-related anonymous protein;ebi_biotype=protein_coding"
"139","Pf3D7_13_v3:1876391-1876664","Pf3D7_13_v3",1876422,1876636,1876529,215,"PF3D7_1346700","PF3D7_1346700","6-cysteine protein;ebi_biotype=protein_coding"
"140","Pf3D7_13_v3:2114242-2114482","Pf3D7_13_v3",2114272,2114454,2114363,183,"PF3D7_1352900","PF3D7_1352900","Plasmodium exported protein%2C unknown function;ebi_biotype=protein_coding"
"141","Pf3D7_13_v3:2114829-2115090","Pf3D7_13_v3",2114855,2115057,2114956,203,"PF3D7_1352900","PF3D7_1352900","Plasmodium exported protein%2C unknown function;ebi_biotype=protein_coding"
"142","Pf3D7_13_v3:2545065-2545291","Pf3D7_13_v3",2545092,2545258,2545175,167,"PF3D7_1363400","DOA1","polyubiquitin binding protein%2C putative;ebi_biotype=protein_coding"
"143","Pf3D7_14_v3:106867-107115","Pf3D7_14_v3",106894,107084,106989,191,"PF3D7_1402900","PF3D7_1402900","conserved Plasmodium protein%2C unknown function;ebi_biotype=protein_coding"
"144","Pf3D7_14_v3:120101-120365","Pf3D7_14_v3",120134,120332,120233,199,"PF3D7_1403200","PF3D7_1403200","EGF domain-containing protein%2C putative;ebi_biotype=protein_coding"
"145","Pf3D7_14_v3:137398-137668","Pf3D7_14_v3",137431,137636,137534,206,"PF3D7_1403800","MISFIT","nuclear formin-like protein MISFIT%2C putative;ebi_biotype=protein_coding"
"146","Pf3D7_14_v3:279563-279833","Pf3D7_14_v3",279591,279800,279696,210,"PF3D7_1407700","PF3D7_1407700","conserved protein%2C unknown function;ebi_biotype=protein_coding"
"147","Pf3D7_14_v3:377765-378020","Pf3D7_14_v3",377798,377992,377895,195,"PF3D7_1409700","PF3D7_1409700","conserved protein%2C unknown function;ebi_biotype=protein_coding"
"148","Pf3D7_14_v3:407306-407542","Pf3D7_14_v3",407339,407509,407424,171,"PF3D7_1410300","PF3D7_1410300","WD repeat-containing protein%2C putative;ebi_biotype=protein_coding"
"149","Pf3D7_14_v3:421322-421547","Pf3D7_14_v3",421355,421514,421435,160,"PF3D7_1410400","RAP1","rhoptry-associated protein 1;ebi_biotype=protein_coding"
"150","Pf3D7_14_v3:771407-771633","Pf3D7_14_v3",771433,771601,771517,169,"PF3D7_1418100","LISP1","liver specific protein 1%2C putative;ebi_biotype=protein_coding"
"151","Pf3D7_14_v3:921176-921432","Pf3D7_14_v3",921209,921399,921304,191,NA,NA,NA
"152","Pf3D7_14_v3:1038300-1038538","Pf3D7_14_v3",1038327,1038505,1038416,179,"PF3D7_1426700","PEPC","phosphoenolpyruvate carboxylase;ebi_biotype=protein_coding"
"153","Pf3D7_14_v3:1166107-1166371","Pf3D7_14_v3",1166135,1166338,1166237,204,"PF3D7_1429500","DPH2","diphthamide biosynthesis protein 2%2C putative;ebi_biotype=protein_coding"
"154","Pf3D7_14_v3:1392837-1393086","Pf3D7_14_v3",1392870,1393059,1392965,190,"PF3D7_1434500","PF3D7_1434500","dynein-related AAA-type ATPase%2C putative;ebi_biotype=protein_coding"
"155","Pf3D7_14_v3:1992121-1992370","Pf3D7_14_v3",1992154,1992347,1992251,194,"PF3D7_1448500","PF3D7_1448500","conserved Plasmodium protein%2C unknown function;ebi_biotype=protein_coding"
"156","Pf3D7_14_v3:2004362-2004606","Pf3D7_14_v3",2004395,2004574,2004485,180,"PF3D7_1449000","GEST","gamete egress and sporozoite traversal protein%2C putative;ebi_biotype=protein_coding"
"157","Pf3D7_14_v3:2020604-2020849","Pf3D7_14_v3",2020637,2020823,2020730,187,"PF3D7_1449400","MUS81","crossover junction endonuclease MUS81%2C putative;ebi_biotype=protein_coding"
"158","Pf3D7_14_v3:2260533-2260765","Pf3D7_14_v3",2260556,2260737,2260647,182,"PF3D7_1455300","PF3D7_1455300","conserved protein%2C unknown function;ebi_biotype=protein_coding"
"159","Pf3D7_14_v3:2355614-2355853","Pf3D7_14_v3",2355646,2355820,2355733,175,"PF3D7_1457400","PF3D7_1457400","conserved Plasmodium protein%2C unknown function;ebi_biotype=protein_coding"
"160","Pf3D7_14_v3:2695837-2696082","Pf3D7_14_v3",2695870,2696052,2695961,183,"PF3D7_1466200","HDP1","homeodomain-like protein HDP1;ebi_biotype=protein_coding"
"161","Pf3D7_14_v3:2733345-2733593","Pf3D7_14_v3",2733378,2733564,2733471,187,"PF3D7_1466800","PF3D7_1466800","NOC3 domain-containing protein%2C putative;ebi_biotype=protein_coding"
"162","Pf3D7_14_v3:2858894-2859160","Pf3D7_14_v3",2858926,2859127,2859027,202,"PF3D7_1469600","ACC","acetyl-CoA carboxylase;ebi_biotype=protein_coding"
"163","Pf3D7_14_v3:3124416-3124655","Pf3D7_14_v3",3124442,3124626,3124534,185,"PF3D7_1475900","PF3D7_1475900","KELT protein;ebi_biotype=protein_coding"
"164","Pf3D7_14_v3:3125801-3126073","Pf3D7_14_v3",3125830,3126040,3125935,211,"PF3D7_1475900","PF3D7_1475900","KELT protein;ebi_biotype=protein_coding"
"165","Pf3D7_14_v3:3214249-3214516","Pf3D7_14_v3",3214282,3214486,3214384,205,"PF3D7_1478000","GEXP17","Plasmodium exported protein (PHISTa)%2C unknown function;ebi_biotype=protein_coding"
"166","PKNH_12_v2:198869-199113","PKNH_12_v2",198894,199083,198989,190,NA,NA,NA
"167","Pf3D7_13_v3:1041593-1041860","Pf3D7_13_v3",1041625,1041829,1041727,205,"PF3D7_1324900","LDH","L-lactate dehydrogenase;ebi_biotype=protein_coding"
"168","PmUG01_12_v1:1397996-1398245","PmUG01_12_v1",1398021,1398213,1398117,193,NA,NA,NA
"169","PocGH01_12_v1:1106456-1106697","PocGH01_12_v1",1106483,1106671,1106577,189,NA,NA,NA
"170","PvP01_12_v1:1184983-1185208","PvP01_12_v1",1185008,1185184,1185096,177,NA,NA,NA
