amplicon,chromosome,start,end,length,fwd_primer,rev_primer,pos,distance,gene_id,gene_name,gene_description
PKNH_12_v2-198869-199113-1AB,PKNH_12_v2,198894,199083,189,CTCCAATAAAGTGGAACAGACAAGA,ATAAAATGGTGCTTCTGAAAAGATACATCA,198989,Inf,NA,NA,NA
Pf3D7_01_v3-145388-145662-1A,Pf3D7_01_v3,145421,145630,209,CCTGAGTTTTAAGTGAATGAATATATTTTTGTT,AAAATGTCCAATATGTCAAGGTATATTAAAGT,145526,17465,PF3D7_0103300,PF3D7_0103300,conserved protein%2C unknown function;ebi_biotype=protein_coding
Pf3D7_01_v3-162867-163115-1A,Pf3D7_01_v3,162889,163092,203,TACTACCGATCATCAAGCCGAA,TGTGTGCTTTGTCGTTGATTCAT,162991,18646,PF3D7_0103600,PSH1,ATP-dependent DNA/RNA helicase PSH1;ebi_biotype=protein_coding
Pf3D7_01_v3-181512-181761-1A,Pf3D7_01_v3,181545,181729,184,CTTTTCATATTTGTCTATTAGCTTTTTCAAACC,TAGTTTAAATCTATACTTGTCTCACCTGAACA,181637,13216,PF3D7_0104100,PF3D7_0104100,protein E140%2C putative;ebi_biotype=protein_coding
Pf3D7_01_v3-194742-194973-1B,Pf3D7_01_v3,194764,194942,178,GGAAATGACCAAGACGTGAACC,TGTTTGAAAAGAACTCTAGCCCTTTATTATC,194853,261071,PF3D7_0104300,UBP1,ubiquitin carboxyl-terminal hydrolase 1%2C putative;ebi_biotype=protein_coding
Pf3D7_01_v3-455794-456054-1A,Pf3D7_01_v3,455827,456021,194,ACAATGTAGAACAATATATAAAACTGGAAAAGA,GTGTTTCATTATTTTAGACACATTCAGGAATTT,455924,73058,NA,NA,NA
Pf3D7_01_v3-528859-529104-1A,Pf3D7_01_v3,528890,529073,183,CTTAGTTTAGATTTGCCTACAATATTTGCAC,AATCATTTTATCCCACTTATTTATCTCGTCT,528982,7119,PF3D7_0113800,PF3D7_0113800,DBL containing protein%2C unknown function;ebi_biotype=protein_coding
Pf3D7_01_v3-535965-536239-1A,Pf3D7_01_v3,535995,536206,211,TGGTTTAATGTGTTAGTAGAAGAAAAAGCA,CTTTGACAATCATCCAACATGTAAGTATATAAA,536101,Inf,PF3D7_0113800,PF3D7_0113800,DBL containing protein%2C unknown function;ebi_biotype=protein_coding
Pf3D7_02_v3-290580-290821-1A,Pf3D7_02_v3,290611,290789,178,AAGCATCATTTTCCTTATCATTATAATGAGG,ACTTTTAAATATGGCACATAATCCAATAGATG,290700,1193,PF3D7_0207300,SERA8,serine repeat antigen 8;ebi_biotype=protein_coding
Pf3D7_02_v3-291770-292017-1A,Pf3D7_02_v3,291802,291984,182,TGCTAGAGGCATATAAAGAACTTTTTAAAGTC,AGTAGAAATCGTCGAAGAACATATACATAAAAT,291893,28907,PF3D7_0207300,SERA8,serine repeat antigen 8;ebi_biotype=protein_coding
Pf3D7_02_v3-320652-320949-2,Pf3D7_02_v3,320676,320924,248,TTCTTTTTGGTGTTACGGGAGATG,CCAACTTTAGCTCAAGAAACACAAC,320800,149773,PF3D7_0207900,SERA2,serine repeat antigen 2;ebi_biotype=protein_coding
Pf3D7_02_v3-470437-470709-1A,Pf3D7_02_v3,470470,470676,206,ATTTTCAAAGGTTCAAAAATATATGAACATGAA,GTATGTATTATACCCTCCATTTGATTATTCTCT,470573,32593,PF3D7_0211700,TKL1,tyrosine kinase-like protein%2C putative;ebi_biotype=protein_coding
Pf3D7_02_v3-503040-503288-1A,Pf3D7_02_v3,503072,503260,188,AGTACACATATCGTTATGATCCTTAATTAAAC,CATCACGATATTGATGTGTACTATGGTC,503166,125893,PF3D7_0212400,PF3D7_0212400,conserved Plasmodium membrane protein%2C unknown function;ebi_biotype=protein_coding
Pf3D7_02_v3-628941-629172-1A,Pf3D7_02_v3,628974,629143,169,GTGATTTTCTCTTTTGTGATAATCTTGAAAAAT,AATTATCTTACACCAACAATGAAGGTGAA,629059,1715,PF3D7_0215300,ACS8,acyl-CoA synthetase;ebi_biotype=protein_coding
Pf3D7_02_v3-630641-630907-1A,Pf3D7_02_v3,630674,630874,200,ACATAACGAAGAATATCTATTCGTATAGGTTTC,AGGTATATATGGTAGCAATTCTATAAATTGGTT,630774,Inf,PF3D7_0215300,ACS8,acyl-CoA synthetase;ebi_biotype=protein_coding
Pf3D7_03_v3-85507-85756-1A,Pf3D7_03_v3,85540,85723,183,TCCTTTAATTTTTCTTTCATCAAATTTAACCAT,TGGAAGATGAATATTATGATGTAAATGATGAAA,85632,135671,PF3D7_0301400,PF3D7_0301400,Plasmodium exported protein%2C unknown function;ebi_biotype=protein_coding
Pf3D7_03_v3-221185-221419-1B,Pf3D7_03_v3,221218,221388,170,AATTAATCGCAAACGTAATTAAATATTCACAAA,AAAAATTTGTAAAATGGAAAAATGTTCCAGT,221303,117,PF3D7_0304600,CSP,circumsporozoite (CS) protein;ebi_biotype=protein_coding
Pf3D7_03_v3-221295-221532-2,Pf3D7_03_v3,221328,221511,183,ACAACTCAAACTAAGATGTGTTCTTTATCTAAT,ACTGAATGGTCCCCATGTAGT,221420,162,PF3D7_0304600,CSP,circumsporozoite (CS) protein;ebi_biotype=protein_coding
Pf3D7_03_v3-221463-221712-1B,Pf3D7_03_v3,221485,221679,194,TAGCAGAGCCAGGCTTTATTCT,AATGCAAATCCTAATAAAAACAATCAAGGTAAT,221582,19525,PF3D7_0304600,CSP,circumsporozoite (CS) protein;ebi_biotype=protein_coding
Pf3D7_03_v3-240957-241256-2,Pf3D7_03_v3,240990,241224,234,AGGATACAATATATGATAAACCAAATCATCAGC,ATGTCTGATTACAGAAGAATAAAAATGAAGAA,241107,274428,PF3D7_0305100,PF3D7_0305100,conserved Plasmodium protein%2C unknown function;ebi_biotype=protein_coding
Pf3D7_03_v3-515418-515657-1A,Pf3D7_03_v3,515441,515629,188,GATCTATTCCAGGAGCATCAAGG,GCATATGTTCCCAACCTTCATTAACTTC,515535,138551,PF3D7_0312100,PF3D7_0312100,E3 ubiquitin-protein ligase;ebi_biotype=protein_coding
Pf3D7_03_v3-653961-654206-1A,Pf3D7_03_v3,653994,654177,183,GTAACAAAAATTTCACCTAACGGTATATTTTTA,CTTTATGTATTTTTCAAAAATCGGCACGT,654086,201474,PF3D7_0316200,PF3D7_0316200,conserved Plasmodium protein%2C unknown function;ebi_biotype=protein_coding
Pf3D7_03_v3-855426-855697-1A,Pf3D7_03_v3,855456,855664,208,ATGAGGTATCAAAACACAATAATACGATTC,CGTTTTCAATTAATTGTATTGAGAATTGTACAA,855560,36130,PF3D7_0320400,Cap380,oocyst capsule protein Cap380;ebi_biotype=protein_coding
Pf3D7_03_v3-891553-891827-1A,Pf3D7_03_v3,891586,891794,208,GTCTTGTTTGTTTGTTATGATATGTTCTTTATT,ACATATCCATAGCAGAGTCTTCTTATTTCTTAT,891690,89191,PF3D7_0321300,PF3D7_0321300,conserved Plasmodium protein%2C unknown function;ebi_biotype=protein_coding
Pf3D7_03_v3-980765-980997-1B,Pf3D7_03_v3,980797,980964,167,GGAAATCATCATAGATAACACTATTGCCTATT,ATTCCAATATAATGACGATGCATCTATTATTCT,980881,108,PF3D7_0323400,RIPR,Rh5 interacting protein;ebi_biotype=protein_coding
Pf3D7_03_v3-980853-981120-2,Pf3D7_03_v3,980886,981092,206,ATTACCTGCTGTTGGATAATCATAATAAAATAC,CTGCTCTAGAAATTCAGAGTGTACATTT,980989,713,PF3D7_0323400,RIPR,Rh5 interacting protein;ebi_biotype=protein_coding
Pf3D7_03_v3-981574-981823-1B,Pf3D7_03_v3,981607,981797,190,TTTACAATATCTGTTTCTTCATTATAAGCACAC,TTCCAGACAACAAATGTGATCTTTCA,981702,353,PF3D7_0323400,RIPR,Rh5 interacting protein;ebi_biotype=protein_coding
Pf3D7_03_v3-981921-982191-1B,Pf3D7_03_v3,981946,982163,217,AGATTCACAATCATTTGGACGTTCA,AGGATGTAATGATTTGCTTTTGACGAAT,982055,357,PF3D7_0323400,RIPR,Rh5 interacting protein;ebi_biotype=protein_coding
Pf3D7_03_v3-982299-982523-1B,Pf3D7_03_v3,982332,982491,159,GTTTATATTATTACTATTTGTGTGTGGATCTGT,ACTTCAGATAAGAATTCACATCTTCATTCTAA,982412,Inf,PF3D7_0323400,RIPR,Rh5 interacting protein;ebi_biotype=protein_coding
Pf3D7_04_v3-109939-110184-1A,Pf3D7_04_v3,109962,110151,189,CTTTAGGTACACCTGCAAGTACC,GTGTTATGTTAAGCAATAAAAATTTTCATAGCA,110057,5511,PF3D7_0401900,ACS6,acyl-CoA synthetase;ebi_biotype=protein_coding
Pf3D7_04_v3-115455-115684-1A,Pf3D7_04_v3,115484,115652,168,TTTTAGTTTCGGTATTTTGTGTTCCTCTT,AAGAAATTTATCAGAGTTACAAAAGGGAAATC,115568,18139,PF3D7_0402000,PF3D7_0402000,Plasmodium exported protein (PHISTa)%2C unknown function;ebi_biotype=protein_coding
Pf3D7_04_v3-133581-133830-1A,Pf3D7_04_v3,133613,133801,188,ATTTAATCTTTTACCAGCAGTAGAAACTACAT,AGAAGAGCACAAAAGAGATGAATATCAAG,133707,334,PF3D7_0402200,PF3D7_0402200,surface-associated interspersed protein 4.1 (SURFIN 4.1)%2C pseudogene;ebi_biotype=pseudogene_with_CDS
Pf3D7_04_v3-133928-134154-1A,Pf3D7_04_v3,133961,134121,160,ATTTGAACTTTGACTTTTCCAAATATTGTTTTA,AGAACATAATTATGATAAAAAGTATAGGGACGT,134041,6392,PF3D7_0402200,PF3D7_0402200,surface-associated interspersed protein 4.1 (SURFIN 4.1)%2C pseudogene;ebi_biotype=pseudogene_with_CDS
Pf3D7_04_v3-140317-140548-1A,Pf3D7_04_v3,140350,140516,166,TGATAATATATATGCTAAGGAAAAGGAAATTCG,ATTATTATTATTTTCATCTTGTGTGTCTCCAT,140433,1427,PF3D7_0402300,RH1,reticulocyte binding protein homologue 1;ebi_biotype=protein_coding
Pf3D7_04_v3-141741-141990-1A,Pf3D7_04_v3,141762,141957,195,ACCATGCTGATGATACACGTG,TCTAATTCTTTATAAAGATCAAGCATTTGTCTG,141860,142384,PF3D7_0402300,RH1,reticulocyte binding protein homologue 1;ebi_biotype=protein_coding
Pf3D7_04_v3-284121-284364-1A,Pf3D7_04_v3,284154,284333,179,TTTGTATATCGTTTGATTTGTTTGTAAGATGTC,AAAAATTCAACGAAAATAAAAGGTTGTTCTT,284244,32481,PF3D7_0405300,LISP2,liver specific protein 2%2C putative;ebi_biotype=protein_coding
Pf3D7_04_v3-316593-316858-1A,Pf3D7_04_v3,316624,316825,201,AGAATGTATATTTTGATGCCGAGTTGATAAT,CAATGAAATATGTGTTAGACCTACAAATTCTTC,316725,227861,PF3D7_0405900,ASP,apical sushi protein;ebi_biotype=protein_coding
Pf3D7_04_v3-544454-544718-1A,Pf3D7_04_v3,544487,544685,198,TGAAAGAGAAATATAATATACAACAGGAGGAAA,GTGTCTGTATTTAATAAATGATTATCTGGGTTA,544586,103612,PF3D7_0412300,PF3D7_0412300,phosphopantothenoylcysteine synthetase%2C putative;ebi_biotype=protein_coding
Pf3D7_04_v3-648065-648332-1A,Pf3D7_04_v3,648097,648299,202,AAGATTGATTAAATTTCACATTATACCTTCCA,TTTCCCTTGATACAATTTAATAAAAAGGGAATA,648198,100030,PF3D7_0414200,PF3D7_0414200,calmodulin-like protein;ebi_biotype=protein_coding
Pf3D7_04_v3-748105-748359-1B,Pf3D7_04_v3,748129,748326,197,CGACGTTTTCGATATTTATGCCAT,TCATTTACATTATCCACAGTTTCTTTGTTTAAA,748228,266,PF3D7_0417200,PF3D7_0417200,bifunctional dihydrofolate reductase-thymidylate synthase;ebi_biotype=protein_coding
Pf3D7_04_v3-748374-748611-1B,Pf3D7_04_v3,748407,748581,174,AAAAATTACAAAATGTTGTAGTTATGGGAAGAA,TCTAAAAATTCTTGATAAACAACGGAACCT,748494,210,PF3D7_0417200,PF3D7_0417200,bifunctional dihydrofolate reductase-thymidylate synthase;ebi_biotype=protein_coding
Pf3D7_04_v3-748585-748822-2,Pf3D7_04_v3,748618,748789,171,TTCCGTTGTTTATCAAGAATTTTTAGAAAAGAA,TTTTTCTTCTCCTTTTATACAATTTTGTTCATT,748704,151940,PF3D7_0417200,PF3D7_0417200,bifunctional dihydrofolate reductase-thymidylate synthase;ebi_biotype=protein_coding
Pf3D7_04_v3-900526-900759-1A,Pf3D7_04_v3,900559,900729,170,AATTCATGGTAAATATTATCTCCATTTTGATCA,TGAAAATAAGGTAGGTGAAGAAAGAGAACT,900644,105419,PF3D7_0420000,PF3D7_0420000,zinc finger protein%2C putative;ebi_biotype=protein_coding
Pf3D7_04_v3-1005938-1006187-1A,Pf3D7_04_v3,1005971,1006155,184,ATCATCATGAATATGTTTTCCTGATACATAAAT,AATTCTTATGGAACAAAATTCGAATCAGGATA,1006063,31705,PF3D7_0422200,PF3D7_0422200,erythrocyte membrane-associated antigen;ebi_biotype=protein_coding
Pf3D7_04_v3-1037644-1037891-1A,Pf3D7_04_v3,1037677,1037859,182,AGTTAATGAAATAGCTCAACTTAATTTAACCAT,TGACATAAATTACTACGTCATAGGTATTTGGT,1037768,39680,PF3D7_0422500,BRR2,pre-mRNA-splicing helicase BRR2%2C putative;ebi_biotype=protein_coding
Pf3D7_04_v3-1077327-1077562-1B,Pf3D7_04_v3,1077360,1077536,176,TGGAAATGATAATAATTTCGCTGAGTGTTATAT,TTTTTATCCTTGCAGTAACCCCTTTT,1077448,5465,PF3D7_0423800,CyRPA,cysteine-rich protective antigen;ebi_biotype=protein_coding
Pf3D7_04_v3-1082776-1083049-1B,Pf3D7_04_v3,1082809,1083016,207,TTTGTTGTAAAATATTTGTCATATCTGATAGGT,ACGTTTAAAAAGATGATGGATGAATATAATACA,1082913,300,PF3D7_0424100,RH5,reticulocyte binding protein homologue 5;ebi_biotype=protein_coding
Pf3D7_04_v3-1083095-1083331-1B,Pf3D7_04_v3,1083127,1083298,171,ACTATCTGTATCTTGTATACTATCTTCTACCT,GCTGTAGATGCTTTTATTAAGAAAATAAATGAA,1083213,218,PF3D7_0424100,RH5,reticulocyte binding protein homologue 5;ebi_biotype=protein_coding
Pf3D7_04_v3-1083299-1083563-2,Pf3D7_04_v3,1083332,1083530,198,TTCATTTATTTTCTTAATAAAAGCATCTACAGC,TGTGAAAAATAATGAAGACTATAAAAATGTGGA,1083431,108,PF3D7_0424100,RH5,reticulocyte binding protein homologue 5;ebi_biotype=protein_coding
Pf3D7_04_v3-1083411-1083668-1B,Pf3D7_04_v3,1083443,1083635,192,TGAGGTATTATAACAAAATCCAAATGTCCTTC,TGATGGTTTAAAATATTTGTTTATTCCTTCTCA,1083539,29978,PF3D7_0424100,RH5,reticulocyte binding protein homologue 5;ebi_biotype=protein_coding
Pf3D7_04_v3-1113397-1113639-1A,Pf3D7_04_v3,1113422,1113612,190,ACAGCATTAGATACGGTTTTCCATC,CACTAAACGTAGCATGCTCAGATATTA,1113517,Inf,PF3D7_0424600,PF3D7_0424600,Plasmodium exported protein (PHISTb);ebi_biotype=protein_coding
Pf3D7_05_v3-213027-213251-1A,Pf3D7_05_v3,213060,213219,159,TTTATCCTTATCATTATTTCCATCATTTTCTGG,AAAAATAAAAGGAACAATGTAATGGTTGAAAA,213140,137790,PF3D7_0505000,PF3D7_0505000,MMS19-like protein%2C putative;ebi_biotype=protein_coding
Pf3D7_05_v3-350808-351052-1A,Pf3D7_05_v3,350841,351019,178,AAAGCATCATTTTGCTCATAATTATATGTATGA,GAACAGTTCATATATATAATTCAACAACAGCCA,350930,18881,PF3D7_0508500,ND6,ND6 protein%2C putative;ebi_biotype=protein_coding
Pf3D7_05_v3-369676-369949-1A,Pf3D7_05_v3,369706,369916,210,CGAGAATTATGCCTCCTATAATCATAGTGA,TGACCACATGTCTATATTACTATGATGATTATT,369811,26201,PF3D7_0508900,AAP6,protein AAP6;ebi_biotype=protein_coding
Pf3D7_05_v3-395887-396136-1A,Pf3D7_05_v3,395920,396103,183,ATTTGATACAGGATGTGAAATTTTTGCATTATC,ATTGAACTCTTTGATATCTCAGAAAAATTCTTT,396012,154927,PF3D7_0509400,RNAPI,RNA polymerase I;ebi_biotype=protein_coding
Pf3D7_05_v3-550803-551072-1A,Pf3D7_05_v3,550835,551043,208,ATTCAAATGTATATTGTTCTCCTCATAAGAAC,CAAGTTCAAAATATCCGAAGAGAAACAGA,550939,64590,PF3D7_0512800,PF3D7_0512800,conserved Plasmodium protein%2C unknown function;ebi_biotype=protein_coding
Pf3D7_05_v3-615379-615678-2,Pf3D7_05_v3,615412,615646,234,CCAGAAACAATGTCCATATTAAGTTTTGTATTA,AAAAATTAATAGACACCTTGGTTTGACTTTAC,615529,25739,PF3D7_0514800,PF3D7_0514800,inositol polyphosphate multikinase%2C putative;ebi_biotype=protein_coding
Pf3D7_05_v3-641131-641404-1A,Pf3D7_05_v3,641163,641373,210,AACGTGCTACATATTTATAAATTCACTAAAGA,CGTGTATGTAGGAAATAAATTGTGTTCACAA,641268,27616,PF3D7_0515500,GEP1,gametogenesis essential protein 1%2C putative;ebi_biotype=protein_coding
Pf3D7_05_v3-668763-669004-1A,Pf3D7_05_v3,668788,668979,191,TAACATGACCATCCCTTGTGATACT,CCAACGTTTCTTCGATCAAATGATT,668884,127756,PF3D7_0516100,ATPase1,cation-transporting ATPase 1;ebi_biotype=protein_coding
Pf3D7_05_v3-796518-796759-1A,Pf3D7_05_v3,796551,796728,177,CGTTAAGTAGTACCTTTGGTTATTTTATGTTAG,AAAACTACCATTTAATCCTGATAGAATAGCA,796640,161572,PF3D7_0519300,COX10,protoheme IX farnesyltransferase;ebi_biotype=protein_coding
Pf3D7_05_v3-958079-958350-1B,Pf3D7_05_v3,958106,958317,211,GCTGTATTATCAGGAGGAACATTACCT,TCAGATCTTAATTTAGATCCAGGATTATTATCA,958212,276,PF3D7_0523000,MDR1,multidrug resistance protein 1;ebi_biotype=protein_coding
Pf3D7_05_v3-958372-958608-1B,Pf3D7_05_v3,958395,958580,185,AGTGAGTTCAGGAATTGGTACGA,CCCATTAAAGCCTCTTCTATAATGGACA,958488,556,PF3D7_0523000,MDR1,multidrug resistance protein 1;ebi_biotype=protein_coding
Pf3D7_05_v3-958920-959168-1B,Pf3D7_05_v3,958953,959135,182,TGAAAGCTTTAGAAGCAACAAATAGTTTATATG,CAATTAATTTTAGTATGGTTGATTTCCCACAAC,959044,1888,PF3D7_0523000,MDR1,multidrug resistance protein 1;ebi_biotype=protein_coding
Pf3D7_05_v3-960810-961048-1B,Pf3D7_05_v3,960842,961021,179,CAGATGATGAAATGTTTAAAGATCCAAGTTTT,AATTAAGAAGGATCCAAACCAATAGGC,960932,705,PF3D7_0523000,MDR1,multidrug resistance protein 1;ebi_biotype=protein_coding
Pf3D7_05_v3-961511-961758-1B,Pf3D7_05_v3,961544,961730,186,AAAAATGTAAATGAATTTTCAAACCAATCTGGA,ATAGCAGCAAACTTACTAACACGTTTAA,961637,226944,PF3D7_0523000,MDR1,multidrug resistance protein 1;ebi_biotype=protein_coding
Pf3D7_05_v3-1188456-1188706-1A,Pf3D7_05_v3,1188489,1188673,184,TCTTTAAATAAAACTAACACATCTAATGCACCA,AATATAGGTTTAAATATAGATGCAGAGATTGGT,1188581,133642,PF3D7_0529000,TIP,T-cell immunomodulatory protein homolog%2C putative;ebi_biotype=protein_coding
Pf3D7_05_v3-1322099-1322341-1A,Pf3D7_05_v3,1322132,1322313,181,TTTTCTATTGAATCCATGAAATAGGAATATGAA,ATCAGCAACGATAGTACAAATTGAATGA,1322223,Inf,NA,NA,NA
Pf3D7_06_v3-145285-145531-1A,Pf3D7_06_v3,145318,145502,184,GCTATCTTTTATAAATGTACCACTATTAAACCA,CAAGGAAGGTAGAATATCAAATACAAGGG,145410,30812,PF3D7_0603600,PF3D7_0603600,AT-rich interactive domain-containing protein%2C putative;ebi_biotype=protein_coding
Pf3D7_06_v3-176108-176338-1A,Pf3D7_06_v3,176139,176305,166,ACTTCTCCTTTAATTGAAAATGTTTTCACAC,TGCTCAAAGTATGATAAAAGGTATATTTAATCC,176222,240366,PF3D7_0604100,SIP2,AP2 domain transcription factor;ebi_biotype=protein_coding
Pf3D7_06_v3-416462-416720-1A,Pf3D7_06_v3,416487,416688,201,CGCATCGAAACTTAATTTGAGTACG,AATTTCGTTATAAAAACTCTTTTGCTCTGAAA,416588,115700,PF3D7_0609700,KIC6,protein KIC6;ebi_biotype=protein_coding
Pf3D7_06_v3-532166-532407-1A,Pf3D7_06_v3,532195,532380,185,TGATCAAGCTGAATCTATCCTATTGGATC,TGGTATATTGTTTATTGGGATCCCCTT,532288,319340,PF3D7_0612900,NOG1,nucleolar GTP-binding protein 1%2C putative;ebi_biotype=protein_coding
Pf3D7_06_v3-851492-851765-1A,Pf3D7_06_v3,851516,851740,224,ACACTGACATTTTACTGCACCTTC,GAAAGGAAGATATTATGCCACTGCA,851628,5976,PF3D7_0620400,MSP10,merozoite surface protein 10;ebi_biotype=protein_coding
Pf3D7_06_v3-857454-857753-2,Pf3D7_06_v3,857487,857720,233,TTTTTGATGATGTCTTCCAAATTAAACGTAAAA,AGTTCTCTTGTTCTAATTTTGTAGACATATTTT,857604,258430,PF3D7_0620600,PF3D7_0620600,conserved Plasmodium protein%2C unknown function;ebi_biotype=protein_coding
Pf3D7_06_v3-1115900-1116168-1A,Pf3D7_06_v3,1115932,1116136,204,ATCTACATATTCTATAGGACAGTAAGATCTCA,ACTCAAAAGAATTAATAAACACTGACATGGTA,1116034,12647,PF3D7_0627800,ACAS,acetyl-CoA synthetase;ebi_biotype=protein_coding
Pf3D7_06_v3-1128558-1128797-1A,Pf3D7_06_v3,1128591,1128771,180,GTTTTCTTTTTCATGTGTAACAGGATTATAAGT,AAAAATTCACCTAACTTGTCATCAGC,1128681,7052,PF3D7_0628100,HECT1,HECT domain-containing protein 1%2C putative;ebi_biotype=protein_coding
Pf3D7_06_v3-1135605-1135855-1A,Pf3D7_06_v3,1135638,1135827,189,ATCAGTTTTTAGATTTCCATTAGTTCCATTTAC,GCATTCAGAATTCCTCCAATAATAGAGT,1135733,494,PF3D7_0628100,HECT1,HECT domain-containing protein 1%2C putative;ebi_biotype=protein_coding
Pf3D7_06_v3-1136091-1136364-1A,Pf3D7_06_v3,1136122,1136332,210,ACTTACATTGTCGTTGCCTTTATTTTTATTA,TAATGATTTGGAATATACTACTTGTGCCAATC,1136227,4806,PF3D7_0628100,HECT1,HECT domain-containing protein 1%2C putative;ebi_biotype=protein_coding
Pf3D7_06_v3-1140900-1141174-1A,Pf3D7_06_v3,1140925,1141141,216,TCCTCTCAATACTCTCAAAACACGA,AGATAGGTGAACATAATAATATGCAAATACATT,1141033,51715,PF3D7_0628100,HECT1,HECT domain-containing protein 1%2C putative;ebi_biotype=protein_coding
Pf3D7_06_v3-1192628-1192867-1A,Pf3D7_06_v3,1192660,1192836,176,AAAAGTATAAATAGAATGATCGAATGTGTTCA,AATGATATCGTTTTTACCACTGAAATACCAA,1192748,4633,PF3D7_0628900,PF3D7_0628900,RAP protein%2C putative;ebi_biotype=protein_coding
Pf3D7_06_v3-1197245-1197515-1A,Pf3D7_06_v3,1197278,1197483,205,ATTAATAATGGTCCTTCTATTACCATTAAAGGT,TTGAAGTATATTTTAGGAAGTGTCCATTCAAC,1197381,17560,PF3D7_0629100,NAPRT,nicotinate phosphoribosyltransferase%2C putative;ebi_biotype=protein_coding
Pf3D7_06_v3-1214815-1215069-1B,Pf3D7_06_v3,1214846,1215036,190,AACTTGTAATATTACGCTTCTAAATGTTGAT,TTCTTAATCTTTTCCTTATTCTCCTTATCCATA,1214941,433,PF3D7_0629500,AAT1,amino acid transporter AAT1;ebi_biotype=protein_coding
Pf3D7_06_v3-1215236-1215502-1B,Pf3D7_06_v3,1215268,1215479,211,ACAAAACCAAATGACAATCCAAAATCTATAAT,TGGTGGTGTTAGATCTAGTACGG,1215374,248,PF3D7_0629500,AAT1,amino acid transporter AAT1;ebi_biotype=protein_coding
Pf3D7_06_v3-1215495-1215756-1B,Pf3D7_06_v3,1215516,1215727,211,CACCACCAGGTGTAAATCGAC,AAAAACGAGTCATCAAAAAGTAGTAAGAA,1215622,19905,PF3D7_0629500,AAT1,amino acid transporter AAT1;ebi_biotype=protein_coding
Pf3D7_06_v3-1235395-1235658-1A,Pf3D7_06_v3,1235428,1235625,197,ATTTGATTCTGAAGGAAGCATAAAATATAAAGA,ACACCCTTTTCATATTCATTCAAAATACTTCTT,1235527,47266,PF3D7_0629700,SET1,SET domain protein%2C putative;ebi_biotype=protein_coding
Pf3D7_06_v3-1282656-1282930-1A,Pf3D7_06_v3,1282688,1282898,210,ACAAGTGAGGAGTTATTTTTAGAGAAATTAAA,TCGTATAAGTAGAAATATTTTTCTTTCGGTGG,1282793,Inf,PF3D7_0630600,PF3D7_0630600,deubiquitinating enzyme MINDY%2C putative;ebi_biotype=protein_coding
Pf3D7_07_v3-105172-105442-1A,Pf3D7_07_v3,105201,105414,213,CATGAGTACTGTGTTCTTTCTTATGTTCT,GCCCATGGATTATTTGAAGAAATTGAAA,105308,298284,PF3D7_0702500,PF3D7_0702500,Plasmodium exported protein%2C unknown function;ebi_biotype=protein_coding
Pf3D7_07_v3-403479-403716-1B,Pf3D7_07_v3,403500,403683,183,GACCTTAACAGATGGCTCACG,AAAGAACATAATCATACAAATAAAGTTGTGAGT,403592,21,PF3D7_0709000,CRT,chloroquine resistance transporter;ebi_biotype=protein_coding
Pf3D7_07_v3-403487-403750-2,Pf3D7_07_v3,403508,403717,209,CAGATGGCTCACGTTTAGGTG,TTCCCTTTTTATTTCCAAATAAGGAATAAACAA,403613,315,PF3D7_0709000,CRT,chloroquine resistance transporter;ebi_biotype=protein_coding
Pf3D7_07_v3-403801-404052-1B,Pf3D7_07_v3,403834,404021,187,ATCTATTCCACCTACCAATATAAAACATTACAC,CAAATGATTGGATATTTCCAGTAGTTCTTGT,403928,533,PF3D7_0709000,CRT,chloroquine resistance transporter;ebi_biotype=protein_coding
Pf3D7_07_v3-404325-404590-1B,Pf3D7_07_v3,404358,404564,206,AACAATAGCTCTTGTAGAAATGAAATTATCTTT,TCATGTTTGAAAAGCATACAGGCTAA,404461,434,PF3D7_0709000,CRT,chloroquine resistance transporter;ebi_biotype=protein_coding
Pf3D7_07_v3-404776-405006-1B,Pf3D7_07_v3,404809,404981,172,TTTTTCCAATTGTTCACTTCTTGTCTTATATTA,GTTTCTTCCCAAGAATAAACATGCG,404895,556,PF3D7_0709000,CRT,chloroquine resistance transporter;ebi_biotype=protein_coding
Pf3D7_07_v3-405334-405576-1B,Pf3D7_07_v3,405358,405543,185,AAAACCTTCGCATTGTTTTCCTTC,ACAATAGTATATGTCATGGTAGAAAATTTGTCG,405451,196,PF3D7_0709000,CRT,chloroquine resistance transporter;ebi_biotype=protein_coding
Pf3D7_07_v3-405517-405773-2,Pf3D7_07_v3,405550,405743,193,TCATTTTCTATGCTTTTTATAGATTATCGACAA,AAAATATGATACGTTGTACCATCATAAACA,405647,60,PF3D7_0709000,CRT,chloroquine resistance transporter;ebi_biotype=protein_coding
Pf3D7_07_v3-405570-405844-1B,Pf3D7_07_v3,405598,405815,217,CTATTGTTAGTTGTATACAAGGTCCAGC,GGTTCTCTTACAACATCACCCTATAAAAT,405707,27253,PF3D7_0709000,CRT,chloroquine resistance transporter;ebi_biotype=protein_coding
Pf3D7_07_v3-432832-433091-1A,Pf3D7_07_v3,432856,433064,208,AGGACATATGAGTTGCCCTTTAGA,TACAATTGTCAGGACACGAAAATCATT,432960,42468,PF3D7_0709600,POP1,ribonucleases P/MRP protein subunit POP1%2C putative;ebi_biotype=protein_coding
Pf3D7_07_v3-475313-475545-1A,Pf3D7_07_v3,475344,475512,168,ACTTATGATTTGTCCAAATATGAAAAACAAC,AATTTATGTATAAGTTTGCTGGTTTTGTTTATT,475428,152059,PF3D7_0710400,RAD14,DNA repair protein RAD14%2C putative;ebi_biotype=protein_coding
Pf3D7_07_v3-627351-627625-1A,Pf3D7_07_v3,627382,627592,210,AGAAAGATTGTCCATTTACATAATTTGCAGA,TTCTATTTTAGAAGGAAATGAAGGAGATATGAA,627487,89890,PF3D7_0713900,PF3D7_0713900,conserved Plasmodium protein%2C unknown function;ebi_biotype=protein_coding
Pf3D7_07_v3-717260-717493-1A,Pf3D7_07_v3,717293,717461,168,ATTTTATCCATTAATTTTATGATGAAGGTGTGG,ATCCCTCTCTATCTCATCTTCATTCTTATTAT,717377,12240,PF3D7_0716300,PF3D7_0716300,conserved protein%2C unknown function;ebi_biotype=protein_coding
Pf3D7_07_v3-729480-729750-1A,Pf3D7_07_v3,729508,729725,217,GTAAATCAAGCCATTGATTTAACTCTCC,AAAGAGAGGCGTTTTCTAACGAAAA,729617,167114,PF3D7_0716700,PF3D7_0716700,conserved Plasmodium protein%2C unknown function;ebi_biotype=protein_coding
Pf3D7_07_v3-896613-896849-1B,Pf3D7_07_v3,896646,896816,170,AATACATATAGAAAAGATGATAGAAGAAGCTCC,TTTTCATATTCTGTCGAGGATAACAATTCAATA,896731,131735,PF3D7_0720700,PX1,phosphoinositide-binding protein PX1;ebi_biotype=protein_coding
Pf3D7_07_v3-1028330-1028603-1A,Pf3D7_07_v3,1028362,1028570,208,ACTAAAAATAACTCTTGATCTTTATCTTCGTT,TGTTGAATAATATGAATGAAAATAATCATTCGC,1028466,15638,PF3D7_0724600,PF3D7_0724600,protein kinase%2C putative;ebi_biotype=protein_coding
Pf3D7_07_v3-1043981-1044225-1A,Pf3D7_07_v3,1044012,1044195,183,ATGTTAGGAACACGCTTATCATTTATCTTTT,ACAGATATGAGCTCCTTCTCTTTAATAACC,1044104,22683,PF3D7_0724700,BDP6,bromodomain protein 6%2C putative;ebi_biotype=protein_coding
Pf3D7_07_v3-1066661-1066903-1A,Pf3D7_07_v3,1066694,1066879,185,AAAGATAAAAATGGATATTATACAATGGCTTCA,CCCATATGCGCACAGTTTATAACA,1066787,82705,PF3D7_0725100,PF3D7_0725100,conserved Plasmodium membrane protein%2C unknown function;ebi_biotype=protein_coding
Pf3D7_07_v3-1149367-1149613-1A,Pf3D7_07_v3,1149399,1149585,186,GAAATCTAGAGATGAATAATCTGGACATGTAG,TGTATACTCTCACATATTCCCTTCAGTG,1149492,Inf,PF3D7_0727000,VPS53,vacuolar protein sorting-associated protein 53%2C putative;ebi_biotype=protein_coding
Pf3D7_08_v3-102277-102527-1A,Pf3D7_08_v3,102309,102500,191,CATTAACATATAAAGTATCAGAACTTGTCGCT,TGTTGAAGAGTCAAGTTTTGTTCAGAA,102405,234131,PF3D7_0801300,WARP,von Willebrand factor A domain-related protein;ebi_biotype=protein_coding
Pf3D7_08_v3-336421-336651-1A,Pf3D7_08_v3,336454,336618,164,AATATTTCCCACAATATGAATACATGAATATGA,ACATATAATAATCTTGAACCCTCTTTCTCAAGT,336536,63291,PF3D7_0806200,DPY19,Dpy-19-like C-mannosyltransferase;ebi_biotype=protein_coding
Pf3D7_08_v3-399693-399961-1A,Pf3D7_08_v3,399719,399934,215,TTGTATTAATGAAGATGCCGATTGCT,AAAAAGATGACAATTTTGCTCTTGTGA,399827,13105,PF3D7_0807800,RPN10,26S proteasome regulatory subunit RPN10%2C putative;ebi_biotype=protein_coding
Pf3D7_08_v3-412801-413062-1A,Pf3D7_08_v3,412834,413029,195,GATGATAGTTATTTTCTTGACATCATGTCAAAT,TTTCACAATTTTCTTTCATTTCTCTTTTTAGAT,412932,63422,PF3D7_0808100,PF3D7_0808100,AP-3 complex subunit delta%2C putative;ebi_biotype=protein_coding
Pf3D7_08_v3-476232-476475-1A,Pf3D7_08_v3,476265,476442,177,AGATAATTGTGTACACACAAATATAAATGTACC,ATTTTCTTTACTTGAGTGATTAGTATTTCGAGA,476354,73339,PF3D7_0809400,PF3D7_0809400,conserved protein%2C unknown function;ebi_biotype=protein_coding
Pf3D7_08_v3-549583-549807-1B,Pf3D7_08_v3,549610,549776,166,CAGATGGAGGTATTTTTGTTGAACCTA,TTGGTTTCGCATCACATTTAACAATTTTATT,549693,393,PF3D7_0810800,PF3D7_0810800,hydroxymethyldihydropterin pyrophosphokinase-dihydropteroate synthase;ebi_biotype=protein_coding
Pf3D7_08_v3-549960-550215-1B,Pf3D7_08_v3,549989,550182,193,ATGCATAAAAGAGGAAATCCACATACAAT,GGGCAATAAATCTTTTTCTTGAATATCCAATAA,550086,106,PF3D7_0810800,PF3D7_0810800,hydroxymethyldihydropterin pyrophosphokinase-dihydropteroate synthase;ebi_biotype=protein_coding
Pf3D7_08_v3-550057-550318-2,Pf3D7_08_v3,550090,550294,204,TTCTTGTATTAAATGGAATACCTCGTTATAGGA,ATCCAATTGTGTGATTTGTCCACA,550192,35271,PF3D7_0810800,PF3D7_0810800,hydroxymethyldihydropterin pyrophosphokinase-dihydropteroate synthase;ebi_biotype=protein_coding
Pf3D7_08_v3-585331-585590-1A,Pf3D7_08_v3,585364,585562,198,TCATAAGGGAACCTAAATTATTAGTATAATCGT,CCTTCATAGTATAACTGTTACTGGTCCT,585463,363,PF3D7_0811600,PF3D7_0811600,conserved protein%2C unknown function;ebi_biotype=protein_coding
Pf3D7_08_v3-585703-585949-1A,Pf3D7_08_v3,585736,585916,180,CTTTTAAACGATGATAACCTATATCTGCATCAT,GAAGTTATTAATTTTAAAATTGAACGTGAAACC,585826,303,PF3D7_0811600,PF3D7_0811600,conserved protein%2C unknown function;ebi_biotype=protein_coding
Pf3D7_08_v3-585993-586266-1A,Pf3D7_08_v3,586025,586233,208,ATTCTAATAATATTTCCACCAAAACAATGTCC,AAACTAATGATTATAAAATATGGAGTGCTCAAG,586129,470662,PF3D7_0811600,PF3D7_0811600,conserved protein%2C unknown function;ebi_biotype=protein_coding
Pf3D7_08_v3-1056678-1056903-1A,Pf3D7_08_v3,1056703,1056878,175,GGCTAGTAACAGTACAGCTAGTTGT,TGCATCATCATTGTCTAAAGCTTCG,1056791,43057,PF3D7_0824200,PF3D7_0824200,conserved Plasmodium protein%2C unknown function;ebi_biotype=protein_coding
Pf3D7_08_v3-1099719-1099977-1A,Pf3D7_08_v3,1099751,1099944,193,AGATAATTTGAAAAACGATGAAAAAGATGAAG,AGCAAAATTATCACATATGTTACATTCATACAC,1099848,76587,PF3D7_0825500,KRI1,protein KRI1%2C putative;ebi_biotype=protein_coding
Pf3D7_08_v3-1176313-1176549-1A,Pf3D7_08_v3,1176346,1176524,178,TTGTTATATCCGTTGATATAAAAGAAGGATCAT,GGGACCTTACAACCTTTTTGTAAGC,1176435,136779,PF3D7_0827100,IF2c,translation initiation factor IF-2%2C putative;ebi_biotype=protein_coding
Pf3D7_08_v3-1313088-1313338-1A,Pf3D7_08_v3,1313120,1313308,188,AGAAAAACAAATAGGTTTATGGAATAAATGGA,AATCATCAATATGTTTCACATATCTTGCAA,1313214,1635,PF3D7_0830800,PF3D7_0830800,surface-associated interspersed protein 8.2 (SURFIN 8.2);ebi_biotype=protein_coding
Pf3D7_08_v3-1314717-1314986-1A,Pf3D7_08_v3,1314744,1314953,209,AAGTGGAACATATGAAATTCAAGAGGA,TGTTTATTTTTCCATTCCTTCATATTTTCTTTT,1314849,29883,PF3D7_0830800,PF3D7_0830800,surface-associated interspersed protein 8.2 (SURFIN 8.2);ebi_biotype=protein_coding
Pf3D7_08_v3-1344618-1344845-1A,Pf3D7_08_v3,1344651,1344813,162,AATTTTCTTATATAACCTAAGTTGATGACTTGG,AGAACAGATGAAGTAACTACTCGATTAAATGA,1344732,21101,PF3D7_0831400,PF3D7_0831400,Plasmodium exported protein%2C unknown function;ebi_biotype=protein_coding
Pf3D7_08_v3-1365709-1365954-1B,Pf3D7_08_v3,1365742,1365924,182,TTTCTGAATCATCTTTTGGTATTTTTGTTTTCA,ATGTAACAGCATTAGATAAAGGTACTGGTA,1365833,43,PF3D7_0831700,HSP70x,heat shock protein 70;ebi_biotype=protein_coding
Pf3D7_08_v3-1365750-1365999-2,Pf3D7_08_v3,1365783,1365968,185,TCTTGTAATGTGTTTTTAACATTATAGCAGTAA,CACAAATCGAAGTTACATTTGATATTGATGC,1365876,822,PF3D7_0831700,HSP70x,heat shock protein 70;ebi_biotype=protein_coding
Pf3D7_08_v3-1366575-1366822-2,Pf3D7_08_v3,1366600,1366795,195,GCTTGTGCGGATGATGATAATACAC,GATTTAGGAGGAGGAACATTTGATGTT,1366698,43,PF3D7_0831700,HSP70x,heat shock protein 70;ebi_biotype=protein_coding
Pf3D7_08_v3-1366626-1366856-1B,Pf3D7_08_v3,1366659,1366823,164,AATCTTCTTAATGATTTTGAATTTTTGGAAACA,AAAAGGAAAAGGTGAACAAAATATTCTTATTTT,1366741,3988,PF3D7_0831700,HSP70x,heat shock protein 70;ebi_biotype=protein_coding
Pf3D7_08_v3-1370603-1370853-1B,Pf3D7_08_v3,1370633,1370825,192,AAATCTGGAATAGGAACAAAGTGATTATGG,GCAACAATGAGAAAATGAATTTGCACAA,1370729,201,NA,NA,NA
Pf3D7_08_v3-1370814-1371045-2,Pf3D7_08_v3,1370847,1371012,165,CCAAATAATATTTTGTGCAAATTCATTTTCTCA,GGTTGCTACAATATAGACAAAAAGAAATTAGTT,1370930,4228,NA,NA,NA
Pf3D7_08_v3-1375025-1375284-1B,Pf3D7_08_v3,1375057,1375259,202,ATTTAAATTAAGTCCTTTTGCATTTTTGCTAC,AAAAATAAAGTATTATCCGCTGCCG,1375158,170,PF3D7_0831800,HRP2,histidine-rich protein II;ebi_biotype=protein_coding
Pf3D7_08_v3-1375205-1375450-2,Pf3D7_08_v3,1375238,1375418,180,TTTCTATTTGCAATTAAAATGCTTACGTTATCT,TTTCACTTCATGTATTTATGTATGCAGAACTT,1375328,11583,PF3D7_0831800,HRP2,histidine-rich protein II;ebi_biotype=protein_coding
Pf3D7_08_v3-1386786-1387035-2,Pf3D7_08_v3,1386817,1387005,188,TTTTTCTAACATAAGCGTGTTAGTAGTTTCA,GGTGTTCCATTGAAATCAATTATTAATGCA,1386911,7,PF3D7_0832100,RIF,rifin%2C pseudogene;ebi_biotype=pseudogene_with_CDS
Pf3D7_08_v3-1386795-1387043-1B,Pf3D7_08_v3,1386822,1387013,191,CATAAGCGTGTTAGTAGTTTCAGTTGT,CTTTGAATGGTGTTCCATTGAAATCAATTA,1386918,Inf,PF3D7_0832100,RIF,rifin%2C pseudogene;ebi_biotype=pseudogene_with_CDS
Pf3D7_09_v3-82006-82236-1A,Pf3D7_09_v3,82034,82203,169,TTGTGTCCGAATACTTTTTCTTTAACCA,CTTAGGTATTTTTGCATCTATTAATTTGCTTTT,82119,81815,PF3D7_0901700,PF3D7_0901700,Plasmodium exported protein (hyp5)%2C unknown function;ebi_biotype=protein_coding
Pf3D7_09_v3-163813-164052-1A,Pf3D7_09_v3,163846,164021,175,ACCCAAAATGATAAATCTTCTTCATTTCTAAAA,ACCAAAAATGCTATTATTATTTTTCTGGGAA,163934,247,PF3D7_0903500,NUP138,nucleoporin NUP138%2C putative;ebi_biotype=protein_coding
Pf3D7_09_v3-164045-164311-1A,Pf3D7_09_v3,164075,164287,212,TTTTTGGTAATACAGCTAATAATACGGCAA,GGCTTTCGTTTGACTTTACTTCTG,164181,38801,PF3D7_0903500,NUP138,nucleoporin NUP138%2C putative;ebi_biotype=protein_coding
Pf3D7_09_v3-202854-203106-1A,Pf3D7_09_v3,202887,203076,189,GTAAACAATGAATAAATATTCTTGCCAATTCGA,ATGTGTGATAGAGAAAGGTTCAATTGTTTA,202982,68057,PF3D7_0904300,PF3D7_0904300,conserved protein%2C unknown function;ebi_biotype=protein_coding
Pf3D7_09_v3-270915-271160-1A,Pf3D7_09_v3,270942,271136,194,CCTTCAGCTTCTTCTAATTCTTCCATT,AGATGCTATTGCGGAAAAAGACAT,271039,245835,PF3D7_0905400,RhopH3,high molecular weight rhoptry protein 3;ebi_biotype=protein_coding
Pf3D7_09_v3-516735-517007-1A,Pf3D7_09_v3,516767,516980,213,ACACAAAATGGTACTTTTAAAGATTGTTTATG,TGGACAATAAAAACCTATGGGACATTC,516874,79088,PF3D7_0911300,CRMP1,cysteine repeat modular protein 1;ebi_biotype=protein_coding
Pf3D7_09_v3-595828-596094-1A,Pf3D7_09_v3,595861,596063,202,TTTAGTAATGTTACATATAATATTCCACACGGT,AAACAAACTGAAGATTTCATTACACAATATG,595962,89728,PF3D7_0913900,RRSapi,arginine--tRNA ligase%2C putative;ebi_biotype=protein_coding
Pf3D7_09_v3-685560-685825-1A,Pf3D7_09_v3,685588,685792,204,CAAGTTCAACCGAACAAATATAATCACG,GGGCGAAATTCTATGAATGTATTATTAATAGAA,685690,329534,PF3D7_0916400,PF3D7_0916400,conserved Plasmodium protein%2C unknown function;ebi_biotype=protein_coding
Pf3D7_09_v3-1015103-1015350-1A,Pf3D7_09_v3,1015131,1015317,186,GCTACCGATTGAATAGTTGAATCTTTGT,TGTTCCAAAGGATTGAAATATATTTGTACTTTT,1015224,391253,PF3D7_0925100,PF3D7_0925100,conserved Plasmodium protein%2C unknown function;ebi_biotype=protein_coding
Pf3D7_09_v3-1406342-1406614-1A,Pf3D7_09_v3,1406372,1406581,209,CTTTTAAATGAAGTGTCTGCTAGTACAGAT,TTCACCATTTTCTATTATTATTTCATCCTCTCC,1406477,Inf,PF3D7_0935600,GIG,gametocytogenesis-implicated protein;ebi_biotype=protein_coding
Pf3D7_10_v3-490605-490877-1B,Pf3D7_10_v3,490638,490844,206,AATACATATGTTTTTAGATGATGATTTTGAGGG,TCATTACGAGGATTATCATTTTTATCAGAATTT,490741,501726,PF3D7_1012700,NIF4,NLI interacting factor-like phosphatase%2C putative;ebi_biotype=protein_coding
Pf3D7_10_v3-992331-992603-1A,Pf3D7_10_v3,992363,992570,207,AACAAAATTGCCTATCATTAATGGAAAATATC,TCATTCGTATGACCCATATAATCTTCATTTTTC,992467,262,PF3D7_1023700,PF3D7_1023700,conserved Plasmodium protein%2C unknown function;ebi_biotype=protein_coding
Pf3D7_10_v3-992596-992869-1A,Pf3D7_10_v3,992622,992836,214,ACGAATGATGCTTATAGTCAACATGG,CACAAGTATCAGTATTCAATTCATTACATGAAT,992729,394054,PF3D7_1023700,PF3D7_1023700,conserved Plasmodium protein%2C unknown function;ebi_biotype=protein_coding
Pf3D7_10_v3-1386657-1386909-1A,Pf3D7_10_v3,1386690,1386876,186,TTAATAACTCCATAAGTGCTACAGTTATATAGG,AAACTTAAAAATGAGGACAAGGAAAATAATACA,1386783,5711,PF3D7_1035000,PF3D7_1035000,U2 snRNA/tRNA pseudouridine synthase%2C putative;ebi_biotype=protein_coding
Pf3D7_10_v3-1392371-1392620-1A,Pf3D7_10_v3,1392400,1392588,188,TGATGGTGACAAAAGAGGTAAAGTAATTT,TTTTTGTTCTTCTTTTACACTGTGTATTTTGG,1392494,21974,PF3D7_1035100,PF3D7_1035100,probable protein%2C unknown function;ebi_biotype=protein_coding
Pf3D7_10_v3-1414337-1414596-1A,Pf3D7_10_v3,1414370,1414565,195,TTAAAGCATTATGAAGAATGGGTTAATAGAAGG,AAAGAAGTGGTTGTTAGAGAATCTTGATTTT,1414468,247,PF3D7_1035700,DBLMSP,duffy binding-like merozoite surface protein;ebi_biotype=protein_coding
Pf3D7_10_v3-1414599-1414832-1A,Pf3D7_10_v3,1414631,1414799,168,CAACGTCTATTAATAGTGTTAGGGATTCTAGT,ATTTTTCTTCAGTAATAATATTTGTACCAGGAA,1414715,Inf,PF3D7_1035700,DBLMSP,duffy binding-like merozoite surface protein;ebi_biotype=protein_coding
Pf3D7_11_v3-115913-116184-1A,Pf3D7_11_v3,115946,116151,205,TTCTTATATCAACCTTTTCAAGAGGAACTTTAG,AATAGCTTTACGTTATGATCCAGAAAATAATGA,116049,3519,PF3D7_1102400,PPCS,phosphopantothenate--cysteine ligase%2C putative;ebi_biotype=protein_coding
Pf3D7_11_v3-119432-119705-1A,Pf3D7_11_v3,119464,119672,208,CTGTAATACTATTTTCATAAGAACTGCTTCCA,AAAACTAGTGAAGGGAATATCAAAGAATATAGA,119568,288843,PF3D7_1102500,GEXP02,gametocyte exported protein 2;ebi_biotype=protein_coding
Pf3D7_11_v3-408285-408534-1A,Pf3D7_11_v3,408317,408504,187,ACTAATGATCCATATAAAAACGCTCAAAATAT,CATCCTGTGTATCATAATTTTGTTCATTCG,408411,249,PF3D7_1110200,PRPF6,pre-mRNA-processing factor 6%2C putative;ebi_biotype=protein_coding
Pf3D7_11_v3-408543-408771-1A,Pf3D7_11_v3,408573,408747,174,AATAACTTAAATAAAAATATGGACGGCTCC,GACATTCTTTCAATGCTTCCGAAA,408660,88753,PF3D7_1110200,PRPF6,pre-mRNA-processing factor 6%2C putative;ebi_biotype=protein_coding
Pf3D7_11_v3-497277-497548-1A,Pf3D7_11_v3,497307,497519,212,ACTAAAATAGAAAATTTCGAGCAACTTTTC,GCTGATTGAGCAAAAGTAAAAATTTCTTC,497413,509397,PF3D7_1113000,PF3D7_1113000,conserved Plasmodium protein%2C unknown function;ebi_biotype=protein_coding
Pf3D7_11_v3-1006693-1006917-1A,Pf3D7_11_v3,1006726,1006893,167,TTTTTATATTTAAAACTGACATGACCAAAAACT,ACTGGATGAAAAGAATCCTCCCAA,1006810,12108,PF3D7_1125700,PF3D7_1125700,kelch domain-containing protein%2C putative;ebi_biotype=protein_coding
Pf3D7_11_v3-1018781-1019053-1A,Pf3D7_11_v3,1018814,1019021,207,AGGAAGTGAATATATTAGAAATGTCTGAATTTT,ATTTATATTTTAAAGGTGCATGCTATTTTTGT,1018918,265,PF3D7_1126100,ATG7,autophagy-related protein 7%2C putative;ebi_biotype=protein_coding
Pf3D7_11_v3-1019050-1019319-1A,Pf3D7_11_v3,1019079,1019287,208,AAATAAGAATGTCTTAACACAACAAAGGA,ATGTGAAGAAGAAAATATGATTACACATGAAT,1019183,108016,PF3D7_1126100,ATG7,autophagy-related protein 7%2C putative;ebi_biotype=protein_coding
Pf3D7_11_v3-1127074-1127316-1A,Pf3D7_11_v3,1127104,1127294,190,GTCTTCTTAAGAAAAGGAAACAAACCATTT,CGGCATTTAGCTCGATATTGGT,1127199,166841,PF3D7_1129100,PV1,parasitophorous vacuolar protein 1;ebi_biotype=protein_coding
Pf3D7_11_v3-1293919-1294168-1A,Pf3D7_11_v3,1293944,1294136,192,GGAAGAGGACAGAATTATTGGGAAC,AATTACTTCTTTCTACTATTTCAATGCTTGAA,1294040,387,PF3D7_1133400,AMA1,apical membrane antigen 1;ebi_biotype=protein_coding
Pf3D7_11_v3-1294284-1294580-1B,Pf3D7_11_v3,1294306,1294547,241,ACTTCCATCAGGGAAATGTCCA,TCATCATAAACAGCTGGATATTTATAATTTGAA,1294427,363,PF3D7_1133400,AMA1,apical membrane antigen 1;ebi_biotype=protein_coding
Pf3D7_11_v3-1294664-1294910-1A,Pf3D7_11_v3,1294691,1294888,197,GAAACAGCATGTTTTGTTTTAGACCAG,TGTTTAGGTTGATCCGAAGCAC,1294790,434,PF3D7_1133400,AMA1,apical membrane antigen 1;ebi_biotype=protein_coding
Pf3D7_11_v3-1295103-1295335-1A,Pf3D7_11_v3,1295136,1295311,175,AACATGTTTAATTAACAATTCATCATACATTGC,GGTCACATGGGCATTTTAAACTGT,1295224,257,PF3D7_1133400,AMA1,apical membrane antigen 1;ebi_biotype=protein_coding
Pf3D7_11_v3-1295371-1295597-1A,Pf3D7_11_v3,1295398,1295564,166,GTATGTAAATGTGTAGAAAGAAGGGCA,TCATCCATTTTATCATATTTTTCAGCATTTCCT,1295481,79550,PF3D7_1133400,AMA1,apical membrane antigen 1;ebi_biotype=protein_coding
Pf3D7_11_v3-1374917-1375148-1A,Pf3D7_11_v3,1374947,1375115,168,GTACCATCAACACTATATGCAAACATTTTC,GAAAATTATTAGAAGAACATCCAAATGAAGAAG,1375031,901,PF3D7_1135100,PPM8,protein phosphatase PPM8%2C putative;ebi_biotype=protein_coding
Pf3D7_11_v3-1375807-1376056-1A,Pf3D7_11_v3,1375840,1376024,184,ATTTGATACACCATTGTCTTGGATATTATTTTG,AGAAGAATTTATGGAAAGGATCTACTTAAGAA,1375932,250,PF3D7_1135100,PPM8,protein phosphatase PPM8%2C putative;ebi_biotype=protein_coding
Pf3D7_11_v3-1376058-1376305-1A,Pf3D7_11_v3,1376087,1376276,189,CAAAATTATTCATCATGCTATTTGTGCCA,AACTGTAGAAGAGCATTCTTTAAGTAGTA,1376182,440081,PF3D7_1135100,PPM8,protein phosphatase PPM8%2C putative;ebi_biotype=protein_coding
Pf3D7_11_v3-1816152-1816378-1A,Pf3D7_11_v3,1816179,1816346,167,ATCTTTTTCGTTGTATGTGCATAATCA,AAACATAATTCTAATGATATTGACCTTGTGCA,1816263,85898,PF3D7_1145800,PF3D7_1145800,conserved Plasmodium protein%2C unknown function;ebi_biotype=protein_coding
Pf3D7_11_v3-1902034-1902278-1B,Pf3D7_11_v3,1902065,1902257,192,AGATTGGACATATGTCTCTTCATTTATCAGA,CTGCCCAAATACCCCAATAGT,1902161,1,PF3D7_1147800,MAEBL,membrane associated erythrocyte binding-like protein;ebi_biotype=protein_coding
Pf3D7_11_v3-1902041-1902278-2,Pf3D7_11_v3,1902071,1902253,182,ACATATGTCTCTTCATTTATCAGACCTGAT,CTGCCCAAATACCCCAATAGTTATT,1902162,32935,PF3D7_1147800,MAEBL,membrane associated erythrocyte binding-like protein;ebi_biotype=protein_coding
Pf3D7_11_v3-1934962-1935236-1A,Pf3D7_11_v3,1934990,1935203,213,ACTTTCGGTGTTTTTCTGGTATATCATT,AAAAGAAAGAAAACAAAAAGCACTAAATCTTAT,1935097,15420,PF3D7_1148700,GEXP12,Plasmodium exported protein (PHISTc)%2C unknown function;ebi_biotype=protein_coding
Pf3D7_11_v3-1950401-1950636-1B,Pf3D7_11_v3,1950427,1950606,179,GCATGATGAGAGTTGTGATGAATTCT,GAGATTTACAAACGTCTAAACCATTTTCAC,1950517,38,PF3D7_1149000,Pf332,antigen 332%2C DBL-like protein;ebi_biotype=protein_coding
Pf3D7_11_v3-1950431-1950680-2,Pf3D7_11_v3,1950460,1950650,190,CGCATGGAATAGAAGTTTAGCTGATTATA,CAAAAATTGATCTTCTGTGTCATCTCTACT,1950555,17598,PF3D7_1149000,Pf332,antigen 332%2C DBL-like protein;ebi_biotype=protein_coding
Pf3D7_11_v3-1968031-1968273-1B,Pf3D7_11_v3,1968064,1968242,178,CGTATTGTAGAAGATACTTCACATGTTAATAAT,GCACTTTATATTGTCTTTTAGTTCTGGTTTT,1968153,23,PF3D7_1149000,Pf332,antigen 332%2C DBL-like protein;ebi_biotype=protein_coding
Pf3D7_11_v3-1968050-1968296-2,Pf3D7_11_v3,1968083,1968268,185,CACATGTTAATAATATTAAGGAAAAGGCAATAG,ATATTGAATGAGACATTTTCTTCGCACT,1968176,33666,PF3D7_1149000,Pf332,antigen 332%2C DBL-like protein;ebi_biotype=protein_coding
Pf3D7_11_v3-2001721-2001954-1B,Pf3D7_11_v3,2001754,2001929,175,CAGGAAAAAGTTCCTAAAGAATCTAAAAATACC,AAAAACACCTTCCTTCATATGATCC,2001842,22,PF3D7_1149600,PF3D7_1149600,DnaJ protein%2C putative;ebi_biotype=protein_coding
Pf3D7_11_v3-2001725-2001999-2,Pf3D7_11_v3,2001758,2001969,211,AAAAAGTTCCTAAAGAATCTAAAAATACCAGAA,ATCATCAACTTCTTTCCTATGTGATGTTTT,2001864,235,PF3D7_1149600,PF3D7_1149600,DnaJ protein%2C putative;ebi_biotype=protein_coding
Pf3D7_11_v3-2001969-2002222-1B,Pf3D7_11_v3,2001999,2002198,199,AAAAACATCACATAGGAAAGAAGTTGATGA,CTTCTTCATCTCCTGGATTCTTGT,2002099,Inf,PF3D7_1149600,PF3D7_1149600,DnaJ protein%2C putative;ebi_biotype=protein_coding
Pf3D7_12_v3-63081-63314-1A,Pf3D7_12_v3,63114,63281,167,GCTATCCACTTCTTACAACGTGATAAATTATTT,AACACATTTATCTTATTTACCCGTATCTCATAT,63198,170345,PF3D7_1200700,ACS7,acyl-CoA synthetase;ebi_biotype=protein_coding
Pf3D7_12_v3-233418-233671-1A,Pf3D7_12_v3,233446,233639,193,TCTAAATTCTGTCCCTTCACCTAAAGTT,ATTCTGATGATATATGTGATGACATTTTTGAT,233543,296088,PF3D7_1205400,PF3D7_1205400,kelch domain-containing protein%2C putative;ebi_biotype=protein_coding
Pf3D7_12_v3-529495-529767-1A,Pf3D7_12_v3,529527,529735,208,AATGGATTAATGTTTTCTACTTTTCCTTTAGC,TGTCTTGTTATCATTGGCTTTTTCATTGTATA,529631,130369,PF3D7_1211900,ATP4,non-SERCA-type Ca2+ -transporting P-ATPase;ebi_biotype=protein_coding
Pf3D7_12_v3-659881-660127-1A,Pf3D7_12_v3,659903,660096,193,CATATGTTGCTGGGTCGACTTT,GCTTTTCTTGAATCACAATCAATGAATAAGA,660000,24126,PF3D7_1216600,CelTOS,cell traversal protein for ookinetes and sporozoites;ebi_biotype=protein_coding
Pf3D7_12_v3-684011-684240-1A,Pf3D7_12_v3,684044,684207,163,TCAGGAATTTACCATTAATATCAATTATTGGTC,TTGATCCTTTATTTCTTTTGAAAACTTTTCTTG,684126,173062,PF3D7_1217300,EngA,GTP-binding protein EngA;ebi_biotype=protein_coding
Pf3D7_12_v3-857050-857323-1A,Pf3D7_12_v3,857083,857293,210,AAAATCCTTCTTTTCCAACTGTCATATATATAC,TCTTTGACATTTTTCAAAAACGACATACTG,857188,1102576,PF3D7_1221400,IMC1h,inner membrane complex protein 1h%2C putative;ebi_biotype=protein_coding
Pf3D7_12_v3-1959644-1959891-1A,Pf3D7_12_v3,1959669,1959858,189,AATCGGTGGCAAGGTTTACAATATT,TCTCAGAAATAATAGTGGAACCATAATATTGTA,1959764,132898,PF3D7_1247500,PF3D7_1247500,serine/threonine protein kinase%2C putative;ebi_biotype=protein_coding
Pf3D7_12_v3-2092529-2092798-1B,Pf3D7_12_v3,2092559,2092765,206,ATGATTTGTTCATATTATAGGTACCATGGC,TCTTATGACCATTTAATATACATAAAGGATCCT,2092662,106,PF3D7_1251200,PF3D7_1251200,coronin;ebi_biotype=protein_coding
Pf3D7_12_v3-2092654-2092884-2,Pf3D7_12_v3,2092683,2092852,169,CTTGATTTGTCATTTAACCCGTGTTATAG,ATCCCATATATTAACAGAAGAATCAAAAGAGG,2092768,Inf,PF3D7_1251200,PF3D7_1251200,coronin;ebi_biotype=protein_coding
Pf3D7_13_v3-146695-146934-1A,Pf3D7_13_v3,146725,146904,179,GGTATTACTCAACCAAGAAAAATAGCTGTA,ATCCATATTTATACTTCTTTCATGTGCTTC,146815,9755,PF3D7_1302700,PF3D7_1302700,ATP-dependent RNA helicase DHR1%2C putative;ebi_biotype=protein_coding
Pf3D7_13_v3-156456-156685-1A,Pf3D7_13_v3,156487,156652,165,ACAGATATGGATTTTTCCATATCTATTGAAC,GAATGTTTTAACAATATAGGTGTGTCATATCTG,156570,281,PF3D7_1302900,PF3D7_1302900,conserved protein%2C unknown function;ebi_biotype=protein_coding
Pf3D7_13_v3-156713-156986-1A,Pf3D7_13_v3,156746,156956,210,TCAACAAAATAGATTAATGAGCAATTCTAACTT,GAGTAACATAATTGTTCTACCTCCTAAAGC,156851,231424,PF3D7_1302900,PF3D7_1302900,conserved protein%2C unknown function;ebi_biotype=protein_coding
Pf3D7_13_v3-388138-388408-1A,Pf3D7_13_v3,388171,388378,207,TTTAAATTTTCATCCTTCATTACATCCTTTCTA,AGTCTATAAATCAATCCAACTCAAAACAGC,388275,91415,PF3D7_1308400,PF3D7_1308400,conserved Plasmodium protein%2C unknown function;ebi_biotype=protein_coding
Pf3D7_13_v3-479569-479811-1A,Pf3D7_13_v3,479602,479778,176,ATGTTTAATATGAATGTACCTGGTGATAATATG,ATTTTCTCTGTCTTTCAAAATAGCTAATTCATC,479690,268692,PF3D7_1311100,PF3D7_1311100,meiosis-specific nuclear structural protein 1%2C putative;ebi_biotype=protein_coding
Pf3D7_13_v3-748254-748510-1B,Pf3D7_13_v3,748287,748477,190,GGAAATTTTATCATTCCCCATTTCAATCATATC,TGATGATCAAAGTTATTTAGATGAAGAGCAAAT,748382,67595,PF3D7_1318100,FD,ferredoxin;ebi_biotype=protein_coding
Pf3D7_13_v3-815862-816091-1A,Pf3D7_13_v3,815895,816058,163,ACATTCACACAAATAGAAAAATCTTCATTTTTC,ATCAATAATCAAAATCATGATAACAACCAATTT,815977,36812,PF3D7_1319700,PF3D7_1319700,protein phosphatase PP2A regulatory subunit A%2C putative;ebi_biotype=protein_coding
Pf3D7_13_v3-852647-852921-1A,Pf3D7_13_v3,852680,852897,217,GCTTTCAGATTTGAAACTAATGATTTGATTGTT,TGACTTGCACTTTTTCCATCGAAT,852789,59090,PF3D7_1320700,PF3D7_1320700,conserved protein%2C unknown function;ebi_biotype=protein_coding
Pf3D7_13_v3-911757-912005-1A,Pf3D7_13_v3,911783,911974,191,ACTACATGGGCTTCCAAATAAACATG,ACAACCAAACCTAGTAATAGTAGAAGTAAAG,911879,23873,PF3D7_1321900,PF3D7_1321900,conserved protein%2C unknown function;ebi_biotype=protein_coding
Pf3D7_13_v3-935613-935884-1A,Pf3D7_13_v3,935645,935858,213,AAATTCAATAACATGAATGATGACTACTCCAA,TCTAGAACAATACTTGCCCTTTCTCT,935752,22627,PF3D7_1322200,PF3D7_1322200,TOG domain-containing protein%2C putative;ebi_biotype=protein_coding
Pf3D7_13_v3-958247-958510-1B,Pf3D7_13_v3,958276,958482,206,TTTGATGAATTTGTTGTAACGTTTTGGTT,TCATGTGAAAAATGAAGAGCATGAGAAT,958379,46492,PF3D7_1322700,PF3D7_1322700,conserved Plasmodium protein%2C unknown function;ebi_biotype=protein_coding
Pf3D7_13_v3-1004740-1005002-1A,Pf3D7_13_v3,1004773,1004969,196,TTTAATGATGTTAATACAAAATCTGCATCTTTT,GAAAAAGATACAAATATAACATACCCTTGGTAT,1004871,36856,PF3D7_1324300,PF3D7_1324300,conserved Plasmodium membrane protein%2C unknown function;ebi_biotype=protein_coding
Pf3D7_13_v3-1041593-1041860-1AB,Pf3D7_13_v3,1041625,1041829,204,AGATTATTGGTTTAGGTGGTGTATTAGATACA,GGTGATGCATGTAAGTTTACAATTTCTAATG,1041727,105159,PF3D7_1324900,LDH,L-lactate dehydrogenase;ebi_biotype=protein_coding
Pf3D7_13_v3-1146764-1147010-1A,Pf3D7_13_v3,1146789,1146982,193,CAGCAAAGATGGAGAAACATTCTCT,GGTTTTGTTTCAATTTTTCTTGGTGGTA,1146886,86323,PF3D7_1327300,PF3D7_1327300,conserved Plasmodium protein%2C unknown function;ebi_biotype=protein_coding
Pf3D7_13_v3-1233093-1233332-1A,Pf3D7_13_v3,1233118,1233299,181,GTGTGGGTTCCTCACAAATGTTATT,GTGGTGCAAAGATATTAACGTATTTATTAGAGA,1233209,32402,PF3D7_1329100,MyoF,myosin F%2C putative;ebi_biotype=protein_coding
Pf3D7_13_v3-1265494-1265726-1A,Pf3D7_13_v3,1265527,1265694,167,AGTGCTAATATAATTACAAAAACATTTTCGTTC,TGTTTTTGAAAATAATATTCTTCCTCCCTGAT,1265611,85364,PF3D7_1329800,PF3D7_1329800,conserved Plasmodium protein%2C unknown function;ebi_biotype=protein_coding
Pf3D7_13_v3-1350855-1351093-1A,Pf3D7_13_v3,1350888,1351062,174,ACTTTTATGTATATCGTTTCGATTTAGGTCTTC,ATCGTATGAGAGGTATGTTAGGTAAAGAAAA,1350975,55872,PF3D7_1332900,PF3D7_1332900,isoleucine--tRNA ligase%2C putative;ebi_biotype=protein_coding
Pf3D7_13_v3-1406713-1406975-1A,Pf3D7_13_v3,1406746,1406947,201,CCATTGTTAGGATATTCTTTTGTTTCTTCTTTC,AATGATGACAAATTGAGTGAAAATCCTG,1406847,12652,PF3D7_1334500,MSRP6,MSP7-like protein;ebi_biotype=protein_coding
Pf3D7_13_v3-1419363-1419626-1A,Pf3D7_13_v3,1419396,1419601,205,TCTTTAGAATTTAAAACGAAGTCTTCATATTCT,GGTAAAGGCACAAAGTGAAACAGAT,1419499,45659,PF3D7_1335100,MSP7,merozoite surface protein 7;ebi_biotype=protein_coding
Pf3D7_13_v3-1465010-1465307-1B,Pf3D7_13_v3,1465036,1465280,244,GCTCCTGGTACTACGAATTTATAAGC,TGGATAATGAAAGGAAACAAAGTGACC,1465158,597,PF3D7_1335900,TRAP,thrombospondin-related anonymous protein;ebi_biotype=protein_coding
Pf3D7_13_v3-1465616-1465890-1A,Pf3D7_13_v3,1465639,1465870,231,CCTTCTTCTGGATTTGGTGAAGG,TGTGGTGTTTGGGACGAATG,1465755,270,PF3D7_1335900,TRAP,thrombospondin-related anonymous protein;ebi_biotype=protein_coding
Pf3D7_13_v3-1465901-1466157-1A,Pf3D7_13_v3,1465926,1466124,198,TTTTCTACTTCAACACAAACAGCCT,CAATTAGTTGTTATATTAACAGATGGAATTCCA,1466025,259007,PF3D7_1335900,TRAP,thrombospondin-related anonymous protein;ebi_biotype=protein_coding
Pf3D7_13_v3-1724895-1725166-1B,Pf3D7_13_v3,1724926,1725137,211,TGGTGAAAAGAAATGACATGAATTTAGAACT,GGGAACAATTTCCATATGCCTTATTAGAA,1725032,212,PF3D7_1343700,Kelch13,kelch protein K13;ebi_biotype=protein_coding
Pf3D7_13_v3-1725124-1725365-2,Pf3D7_13_v3,1725152,1725336,184,CCTGAACTTCTAGCTTCTAATAAGGCAT,GGATATGATGGCTCTTCTATTATACCGAA,1725244,93,PF3D7_1343700,Kelch13,kelch protein K13;ebi_biotype=protein_coding
Pf3D7_13_v3-1725208-1725471-1B,Pf3D7_13_v3,1725232,1725441,209,CTCTCACCATTAGTTCCACCAATG,GGTGTATGATCGTTTAAGAGATGTATGGTA,1725337,175,PF3D7_1343700,Kelch13,kelch protein K13;ebi_biotype=protein_coding
Pf3D7_13_v3-1725379-1725652-2,Pf3D7_13_v3,1725404,1725620,216,ATTCTACCATTTGACGTAACACCAC,GTGGATTTGATGGTGTAGAATATTTAAATTCG,1725512,82,PF3D7_1343700,Kelch13,kelch protein K13;ebi_biotype=protein_coding
Pf3D7_13_v3-1725464-1725719-1B,Pf3D7_13_v3,1725494,1725694,200,CATACACCTCAGTTTCAAATAAAGCCTTAT,GCCTTGTTGAAAGAAGCAGAATTTT,1725594,238,PF3D7_1343700,Kelch13,kelch protein K13;ebi_biotype=protein_coding
Pf3D7_13_v3-1725713-1725955-1B,Pf3D7_13_v3,1725741,1725923,182,ACAAGGCTTCACTTTCACTTAAATCTTT,CTGAAACTATGATTGATATTAATGTTGGTGGA,1725832,173,PF3D7_1343700,Kelch13,kelch protein K13;ebi_biotype=protein_coding
Pf3D7_13_v3-1725887-1726123-2,Pf3D7_13_v3,1725916,1726094,178,GTTGTGTTAAGGTATGTCTAGATGTTTCA,AAAAAGAAAAAGAAGAACATAGGAAACGA,1726005,176,PF3D7_1343700,Kelch13,kelch protein K13;ebi_biotype=protein_coding
Pf3D7_13_v3-1726057-1726304-1B,Pf3D7_13_v3,1726090,1726271,181,TCGATTTCTTGTAAAAATCTTAATCTTTCTTCA,AAGACACAAATGAATTTTATTCGAGAAAAAGAT,1726181,110,PF3D7_1343700,Kelch13,kelch protein K13;ebi_biotype=protein_coding
Pf3D7_13_v3-1726174-1726408-2,Pf3D7_13_v3,1726207,1726375,168,TCATGTAATTTCTGTTCTTCAATATTTTTACGG,ATGATACTTATGAAAAGAAAATTATTGAAACGG,1726291,571,PF3D7_1343700,Kelch13,kelch protein K13;ebi_biotype=protein_coding
Pf3D7_13_v3-1726723-1726995-1B,Pf3D7_13_v3,1726756,1726967,211,TTTTTACTATCAAAGTTCGAATCTAATACACTC,GGAAGGAGAAAAAGTAAAAACAAAAGCA,1726862,149667,PF3D7_1343700,Kelch13,kelch protein K13;ebi_biotype=protein_coding
Pf3D7_13_v3-1876391-1876664-1A,Pf3D7_13_v3,1876422,1876636,214,ATGTGCACTATCATCAACTAAAGAAATATCT,ATGTTTTCAAGAAGGAAAAGAAAAAGCC,1876529,237834,PF3D7_1346700,PF3D7_1346700,6-cysteine protein;ebi_biotype=protein_coding
Pf3D7_13_v3-2114242-2114482-1A,Pf3D7_13_v3,2114272,2114454,182,TCTACTGAGGCTTCATGTAAGATATCAATT,TTGTAGTTCCACAATCATCTGGAATTTT,2114363,593,PF3D7_1352900,PF3D7_1352900,Plasmodium exported protein%2C unknown function;ebi_biotype=protein_coding
Pf3D7_13_v3-2114829-2115090-1A,Pf3D7_13_v3,2114855,2115057,202,GGATTTCGTATTTTCTGACATGGCAT,AATACTTGAAGAAAGGTTAAATACCGTATTAAA,2114956,389652,PF3D7_1352900,PF3D7_1352900,Plasmodium exported protein%2C unknown function;ebi_biotype=protein_coding
Pf3D7_13_v3-2504481-2504734-1B,Pf3D7_13_v3,2504514,2504701,187,AATTTACCTGAAGACGTTAAAAATGTAAAGTAC,TTTTTATAACTATCCCATTCGATATCTATACCT,2504608,40567,PF3D7_1362500,EXO,3'-5' exonuclease%2C putative;ebi_biotype=protein_coding
Pf3D7_13_v3-2545065-2545291-1A,Pf3D7_13_v3,2545092,2545258,166,AGCTATCATTACATGCTGACACAATAT,GATTAGTTGTGGAGATGATAAAACTATCAAATT,2545175,225552,PF3D7_1363400,DOA1,polyubiquitin binding protein%2C putative;ebi_biotype=protein_coding
Pf3D7_13_v3-2770591-2770863-2,Pf3D7_13_v3,2770623,2770830,207,AAATATTTAGAAAACAATTTGAAAAGTGTGGC,ATTAATACATTTTTCAATTATCGAGGGTAAACT,2770727,8,PF3D7_1369500,PF3D7_1369500,conserved protein%2C unknown function;ebi_biotype=protein_coding
Pf3D7_13_v3-2770621-2770854-1B,Pf3D7_13_v3,2770649,2770821,172,GCAACACATCGATTTTATCAAAAGGAAA,TTTTTCAATTATCGAGGGTAAACTTATTAGATT,2770735,9720,PF3D7_1369500,PF3D7_1369500,conserved protein%2C unknown function;ebi_biotype=protein_coding
Pf3D7_13_v3-2780346-2780575-1B,Pf3D7_13_v3,2780367,2780542,175,AAAAATGAGGGCCGGTAGTTC,GTATTTCTGAAGGACTATATATGGAACAATTCA,2780455,34257,PF3D7_1369800,PF3D7_1369800,tRNA Arginine;ebi_biotype=tRNA
Pf3D7_13_v3-2814583-2814832-2,Pf3D7_13_v3,2814616,2814807,191,CTATACCAATTACTCATATAGAAGCTGAAAAGG,CCTTGATTAGAGTCCTCATTTGCAT,2814712,17,PF3D7_1371600,EBL1,erythrocyte binding like protein 1%2C pseudogene;ebi_biotype=pseudogene_with_CDS
Pf3D7_13_v3-2814606-2814855-1B,Pf3D7_13_v3,2814631,2814826,195,GCTGAAAAGGGTCAGTCTTCTAATT,GAGGATTTATTGTTTCCTTATTCCCTTGA,2814729,1701,PF3D7_1371600,EBL1,erythrocyte binding like protein 1%2C pseudogene;ebi_biotype=pseudogene_with_CDS
Pf3D7_13_v3-2816310-2816554-1B,Pf3D7_13_v3,2816334,2816526,192,GGTGGAGAGGTAACACATACTGAT,CTTGTAGAAGGAATAGATACACCATCCT,2816430,24168,PF3D7_1371600,EBL1,erythrocyte binding like protein 1%2C pseudogene;ebi_biotype=pseudogene_with_CDS
Pf3D7_13_v3-2840447-2840746-2,Pf3D7_13_v3,2840474,2840721,247,ACAAAGACAGTAGAAAAATCGCTATCC,CGCATCACTTACACCATTAAATCCA,2840598,1,PF3D7_1372200,HRPIII,histidine-rich protein III;ebi_biotype=protein_coding
Pf3D7_13_v3-2840462-2840736-1B,Pf3D7_13_v3,2840495,2840703,208,AAATCGCTATCCTATAAATTACAAAACAAGAAT,ACACCATTAAATCCATTTAATCGAAGATTAAAA,2840599,937,PF3D7_1372200,HRPIII,histidine-rich protein III;ebi_biotype=protein_coding
Pf3D7_13_v3-2841390-2841688-1B2,Pf3D7_13_v3,2841411,2841661,250,ACCTGCATGTGCTTGACTTTC,AAAAATAAAATATTATCCGCTGCCGTT,2841536,2941,PF3D7_1372200,HRPIII,histidine-rich protein III;ebi_biotype=protein_coding
Pf3D7_13_v3-2844334-2844629-1B2,Pf3D7_13_v3,2844355,2844599,244,ATGCTAGGTGTATACGCACAG,AACCTTATGAGACCCTCCTTTATATTTATC,2844477,Inf,PF3D7_1372300,PF3D7_1372300,Plasmodium exported protein (PHIST)%2C unknown function;ebi_biotype=protein_coding
Pf3D7_14_v3-106867-107115-1A,Pf3D7_14_v3,106894,107084,190,CATACAACATCAACAAAAACTTCCACA,ATTTTCTCTTCATTAGCTAAAGGTATACATG,106989,13244,PF3D7_1402900,PF3D7_1402900,conserved Plasmodium protein%2C unknown function;ebi_biotype=protein_coding
Pf3D7_14_v3-120101-120365-1A,Pf3D7_14_v3,120134,120332,198,TTCCATTTTTACATTTACATATAACTCCAACTC,AGAAATGTACGAATTTTAAATGAAGAAAAATGT,120233,17301,PF3D7_1403200,PF3D7_1403200,EGF domain-containing protein%2C putative;ebi_biotype=protein_coding
Pf3D7_14_v3-137398-137668-1A,Pf3D7_14_v3,137431,137636,205,TTTCTTAATTTCTTTACTACCATATTCCATTCA,ATGAAGATGAGCAATTTTGCTTATTTATATGT,137534,142162,PF3D7_1403800,MISFIT,nuclear formin-like protein MISFIT%2C putative;ebi_biotype=protein_coding
Pf3D7_14_v3-279563-279833-1A,Pf3D7_14_v3,279591,279800,209,CCATTACTACCAAAAACATGGAAACCTA,AGTAATTATATTTCCCATTACTTATGGGAAGTT,279696,3771,PF3D7_1407700,PF3D7_1407700,conserved protein%2C unknown function;ebi_biotype=protein_coding
Pf3D7_14_v3-283350-283576-1B,Pf3D7_14_v3,283381,283552,171,AAGGTTTTGAGCTCTGTATTGAAAAATAAAT,GGAACCCATAAATTAGCTGAACCG,283467,628,PF3D7_1407800,PM4,plasmepsin IV;ebi_biotype=protein_coding
Pf3D7_14_v3-283973-284211-1B,Pf3D7_14_v3,284006,284184,178,TGATTTTTATGAAGGACCTTTAACTTATGAAAA,GTAAATCATCGTTATCACAGGTGGTTA,284095,4468,PF3D7_1407800,PM4,plasmepsin IV;ebi_biotype=protein_coding
Pf3D7_14_v3-288429-288696-1B,Pf3D7_14_v3,288462,288664,202,TTTTTCTTATTGATTACCGGAGCATTATTTTAT,CATCATTTAATGTTACACTATCACCAGCATTA,288563,860,PF3D7_1407900,PMI,plasmepsin I;ebi_biotype=protein_coding
Pf3D7_14_v3-289301-289550-1B,Pf3D7_14_v3,289329,289517,188,TGTTGACAGTGGTACTAGTTCTATAACG,GTTCAAATCAACAGGTATTATAGATACCATACA,289423,4279,PF3D7_1407900,PMI,plasmepsin I;ebi_biotype=protein_coding
Pf3D7_14_v3-293575-293829-1B,Pf3D7_14_v3,293608,293796,188,ACAGAAAGGATTTCAAATACTATATGTACTTCT,GTTTTAGTAAGTCCTGAATTAAGAAAATTGACA,293702,932,PF3D7_1408000,PMII,plasmepsin II;ebi_biotype=protein_coding
Pf3D7_14_v3-294506-294753-1B,Pf3D7_14_v3,294538,294730,192,GTACCAACTGACTTTTTAAATAAAATGTTGCA,GGGTCACCTAGAATAAAGGTTGG,294634,4,PF3D7_1408000,PMII,plasmepsin II;ebi_biotype=protein_coding
Pf3D7_14_v3-294503-294768-2,Pf3D7_14_v3,294535,294741,206,ACTGTACCAACTGACTTTTTAAATAAAATGTT,TATTTTCTCATGAATGGGTCACCTAGA,294638,3082,PF3D7_1408000,PMII,plasmepsin II;ebi_biotype=protein_coding
Pf3D7_14_v3-297583-297856-1B,Pf3D7_14_v3,297616,297824,208,AAATATTATTTGTGACAGTTTTCATAGTTTTGG,TCCACATTATCAAACTCACTACCTAAATAACT,297720,325,PF3D7_1408100,PMIII,plasmepsin III;ebi_biotype=protein_coding
Pf3D7_14_v3-297935-298162-1B,Pf3D7_14_v3,297961,298129,168,CCATACAGCTTCATCTAATGTATGGG,ACAATTTCCGTCATTTCAATAAATTTATAGGGT,298045,457,PF3D7_1408100,PMIII,plasmepsin III;ebi_biotype=protein_coding
Pf3D7_14_v3-298368-298636-1B,Pf3D7_14_v3,298401,298603,202,TTTGATGGACCATTGAACTATGAAAAATTAAAT,GTATATACTTTATTTGGTGAACGATATTCGAGT,298502,79393,PF3D7_1408100,PMIII,plasmepsin III;ebi_biotype=protein_coding
Pf3D7_14_v3-377765-378020-1A,Pf3D7_14_v3,377798,377992,194,ATTCTTGTAGAATATCAAAAGAAATTCGTAACA,TTGCACAATAATGGAAAAAGAAAATGCA,377895,29529,PF3D7_1409700,PF3D7_1409700,conserved protein%2C unknown function;ebi_biotype=protein_coding
Pf3D7_14_v3-407306-407542-1A,Pf3D7_14_v3,407339,407509,170,CATAAATCCGTTTTAATGTTTTCCTTTTATACC,CATCTAATACAAACATGAGTAACTTGGTTAATT,407424,14011,PF3D7_1410300,PF3D7_1410300,WD repeat-containing protein%2C putative;ebi_biotype=protein_coding
Pf3D7_14_v3-421322-421547-1A,Pf3D7_14_v3,421355,421514,159,CCTTTTCTCGATTTTTCAGTAAATTAAATCCTT,CTTCCTTGTAATGATTCTATAGTATCAAACAAA,421435,350082,PF3D7_1410400,RAP1,rhoptry-associated protein 1;ebi_biotype=protein_coding
Pf3D7_14_v3-771407-771633-1A,Pf3D7_14_v3,771433,771601,168,TCCCGAAAACATATCACTAGATCCAT,AAAAATTAAACATGATGCCACATTTTAGTAGT,771517,82758,PF3D7_1418100,LISP1,liver specific protein 1%2C putative;ebi_biotype=protein_coding
Pf3D7_14_v3-854128-854427-1B,Pf3D7_14_v3,854155,854394,239,AAACCATCGTGCTTAGGAAATAAAACT,AGATATTCATTTTAATGACAAGGACATGAATAG,854275,6137,PF3D7_1420600,PANK1,pantothenate kinase 1;ebi_biotype=protein_coding
Pf3D7_14_v3-860289-860542-1B,Pf3D7_14_v3,860315,860509,194,CACAAGGAAACCTGTATGTGTTACAT,ACTATTACTTAATAAACAAGTCGTAGATGTTTT,860412,540,PF3D7_1420700,P113,surface protein P113;ebi_biotype=protein_coding
Pf3D7_14_v3-860834-861066-1B,Pf3D7_14_v3,860866,861038,172,GAAATTGGAGATGAAAGTACAGATTCTAGTTC,TTCATAGAAGAGGTAACATCACCATCAT,860952,60352,PF3D7_1420700,P113,surface protein P113;ebi_biotype=protein_coding
Pf3D7_14_v3-921176-921432-1A,Pf3D7_14_v3,921209,921399,190,AGGATGAAAAATATAATAATTTGTGTACTTGGA,AAGAATAATACGAAAAATTAACCATAACCATCA,921304,117112,NA,NA,NA
Pf3D7_14_v3-1038300-1038538-1A,Pf3D7_14_v3,1038327,1038505,178,AAAATCTTCATCAACTCTTTGGTTCGA,ATCATTGTACACAACATTTTAGATCTTATGTTA,1038416,127821,PF3D7_1426700,PEPC,phosphoenolpyruvate carboxylase;ebi_biotype=protein_coding
Pf3D7_14_v3-1166107-1166371-1A,Pf3D7_14_v3,1166135,1166338,203,AGAATGGGATGGAAAATATGTATTCGAT,TTTTTGATCTTCTACAGATATGGACAAATTAGT,1166237,226728,PF3D7_1429500,DPH2,diphthamide biosynthesis protein 2%2C putative;ebi_biotype=protein_coding
Pf3D7_14_v3-1392837-1393086-1A,Pf3D7_14_v3,1392870,1393059,189,TCTTTATATTAGTACCATGAACATCTACCCTAT,GCACTACGAAACAGATGTTTTGAAATT,1392965,562026,PF3D7_1434500,PF3D7_1434500,dynein-related AAA-type ATPase%2C putative;ebi_biotype=protein_coding
Pf3D7_14_v3-1954850-1955124-1B,Pf3D7_14_v3,1954882,1955099,217,ATTTACATCGTCTTTATCAATTGATGAATTTG,CCAGTTCATTAGATTCAAGAACCGA,1954991,1204,PF3D7_1447900,MDR2,multidrug resistance protein 2;ebi_biotype=protein_coding
Pf3D7_14_v3-1956056-1956330-1B,Pf3D7_14_v3,1956089,1956301,212,ATGATATACATTATCCATCTCATTTGCTTTTGT,GGTATTCTAGTAAAAATTCGGGTGGTATC,1956195,308,PF3D7_1447900,MDR2,multidrug resistance protein 2;ebi_biotype=protein_coding
Pf3D7_14_v3-1956365-1956639-1B,Pf3D7_14_v3,1956396,1956609,213,AGATTCTTGTAATTCTATAAAAGCTGATTGT,GCAAAAGGATAGATATGAAAGGAAATAGCT,1956503,846,PF3D7_1447900,MDR2,multidrug resistance protein 2;ebi_biotype=protein_coding
Pf3D7_14_v3-1957218-1957480-1B,Pf3D7_14_v3,1957251,1957447,196,ATCATACTATAAACCATAAACAAAACTTTGAGT,AAATCATCAGTTGATTTATTTTTGTTGAATGTT,1957349,34902,PF3D7_1447900,MDR2,multidrug resistance protein 2;ebi_biotype=protein_coding
Pf3D7_14_v3-1992121-1992370-1A,Pf3D7_14_v3,1992154,1992347,193,TTTTCATGAAAGGAGTATCCAATAAATGATTTA,GCACTTACCACGAAAAGGGATAA,1992251,12234,PF3D7_1448500,PF3D7_1448500,conserved Plasmodium protein%2C unknown function;ebi_biotype=protein_coding
Pf3D7_14_v3-2004362-2004606-1A,Pf3D7_14_v3,2004395,2004574,179,TTGCTACATATGTTTATGTGTAAAGGTTAATAT,CAGAAACTTGATGAACAATCAAAGAATATAGC,2004485,16245,PF3D7_1449000,GEST,gamete egress and sporozoite traversal protein%2C putative;ebi_biotype=protein_coding
Pf3D7_14_v3-2020604-2020849-1A,Pf3D7_14_v3,2020637,2020823,186,CTTGGATTTCTTAGATTCATTATTCCATTCATC,ACATTGAATAACGCTCAGCATAGTAC,2020730,239917,PF3D7_1449400,MUS81,crossover junction endonuclease MUS81%2C putative;ebi_biotype=protein_coding
Pf3D7_14_v3-2260533-2260765-1A,Pf3D7_14_v3,2260556,2260737,181,GCATATGCAACCATACCACCAAT,ATTGTTTGTGGAACACATACAGTATTGA,2260647,95086,PF3D7_1455300,PF3D7_1455300,conserved protein%2C unknown function;ebi_biotype=protein_coding
Pf3D7_14_v3-2355614-2355853-1A,Pf3D7_14_v3,2355646,2355820,174,AAAACATCATATGAAGCATATCAAGAACAATC,TGACATAATAATATCGTTTTTGGATTGTATCCA,2355733,125422,PF3D7_1457400,PF3D7_1457400,conserved Plasmodium protein%2C unknown function;ebi_biotype=protein_coding
Pf3D7_14_v3-2481033-2481276-1B,Pf3D7_14_v3,2481065,2481245,180,GTTTCATTTTAGATTTACCTTTTTGCGATCTC,GAAATTTACAACTGGAAGGTGAAAAACATAC,2481155,214806,PF3D7_1460900,ARPS10,ribosomal protein S10%2C apicoplast%2C putative;ebi_biotype=protein_coding
Pf3D7_14_v3-2695837-2696082-1A,Pf3D7_14_v3,2695870,2696052,182,AAAGAATTATTATTGTTCGTTTCGTTTGAAATT,TAGCGATATGCAAAGAATAACATCAAATGT,2695961,37510,PF3D7_1466200,HDP1,homeodomain-like protein HDP1;ebi_biotype=protein_coding
Pf3D7_14_v3-2733345-2733593-1A,Pf3D7_14_v3,2733378,2733564,186,GCAAAAATGAATATAGGTGGCGATATAAAAGTA,AATTCTTATTGTAGATGAAACGGTTTTGA,2733471,125556,PF3D7_1466800,PF3D7_1466800,NOC3 domain-containing protein%2C putative;ebi_biotype=protein_coding
Pf3D7_14_v3-2858894-2859160-1A,Pf3D7_14_v3,2858926,2859127,201,AATAATTATACATCTTTATTTGGACACCGTGT,AGTTTCAATATCCATCATATCATCAACAATAAT,2859027,265507,PF3D7_1469600,ACC,acetyl-CoA carboxylase;ebi_biotype=protein_coding
Pf3D7_14_v3-3124416-3124655-1A,Pf3D7_14_v3,3124442,3124626,184,CAAGTGAACAACGACCTGCTTATAAT,CCATTTTTCCATATCCTGGTTGTTCATTA,3124534,1401,PF3D7_1475900,PF3D7_1475900,KELT protein;ebi_biotype=protein_coding
Pf3D7_14_v3-3125801-3126073-1A,Pf3D7_14_v3,3125830,3126040,210,CAGGTTGTTGGGAATTTAACATTACAAAA,AAGACTTCTTCTTTTCAAATCTAATAAAATTGC,3125935,88449,PF3D7_1475900,PF3D7_1475900,KELT protein;ebi_biotype=protein_coding
Pf3D7_14_v3-3214249-3214516-1A,Pf3D7_14_v3,3214282,3214486,204,AATCTAATTCATTTATGGAATCATACACTTGGT,AATTTCTTATATCATCAATTGATGGTTGCC,3214384,Inf,PF3D7_1478000,GEXP17,Plasmodium exported protein (PHISTa)%2C unknown function;ebi_biotype=protein_coding
PmUG01_12_v1-1397996-1398245-1AB,PmUG01_12_v1,1398021,1398213,192,CATTTCAATAATAGCAGCAGCTGGA,ATCACAAAAATTAAATGTTTGTCCAAGAGATG,1398117,Inf,NA,NA,NA
PocGH01_12_v1-1106456-1106697-1AB,PocGH01_12_v1,1106483,1106671,188,GTGGAGCATATCAAAACCTTTTTCAAA,CATGGCAATAAAATGGTTGTGTTGAA,1106577,Inf,NA,NA,NA
PvP01_12_v1-1184983-1185208-1AB,PvP01_12_v1,1185008,1185184,176,CCTCTAGTAGAGTGGAACAAACAAG,AGGTACATCACAGTTGGAGGTATC,1185096,Inf,NA,NA,NA
