Sample_id,PVP01_0103700_1,PVP01_0103700_2,RAMA,PVP01_0107900,MED14,PVP01_0109700_1,PVP01_0109700_2,PVP01_0116700,PVP01_0117000,PVP01_0119600,PVP01_0202600,pvmrp1_2,pvmrp1_3,pvmrp1_6,pvmrp1_7,pvmrp1_8,pvmrp1_10,pvmrp1_12,PSOP24,CCR4.3,PVP01_0210500,VPS53,PVP01_0213400,PVP01_0215600,PVP01_0215800_1,PVP01_0215800_2,PVP01_0302300,PVP01_0302700,SEC24B,LISP2,RON1,PVP01_0306200,MED8,pvdmt2_1,CRMP2,PVP01_0314600,PSOP1,PVP01_0318900,BDP6,PVP01_0320600,PVP01_0405000_1,PVP01_0405000_2,CDPK1,ATG11,MATE,PVP01_0412700,MSP5,HT1,PVP01_0420500,ETRAMP11.2,TRAG38,PVP01_0504000,LSM8,FT1,LipB,PVP01_0513400,RON5,HSP20,PVP01_0518900,pvdhfr,PVP01_0527700,RRF2,PVP01_0530700,ETRAMP,PVP01_0602200,PVP01_0602400,PVP01_0615400,AdoMetDC_ODC,TLAP2,PyKII,DBP_1,PVP01_0624000,PVP01_0624400,CuTP,PVP01_0707300,SPM1,PVP01_0710900,MOP,GAP50,RCC.PIP,pBAS,ATAT,MSP1P,MSP1,MAM3,PVP01_0733600,SNRPB2,PVP01_0735100,RBP2b_1,RBP2b_2,RBP2b_3,HDA2,RIPR,SPC25,ABCI3,PVP01_0820800,B9,CTRP,EIF3K_1,EIF3K_2,PVP01_0834800,NSF,PVP01_0838300,PVP01_0838400,SufD,PVP01_0904300,SYN13,PVP01_0908400,PCD,PVP01_0912400,MLC_B,GCN20,PVP01_0927200,ATG23,mHCF101,PVP01_0931600,PVP01_0933300,AMA1,RPA2,ApiAP2_G5,PVP01_0942500,ORP1,SLARP,TRAG16_1,PVP01_1002800,FRM1_1,FRM1_2,PPT,PVP01_1004100,PVP01_1004400,PVP01_1007200,pvmdr1_1,pvmdr1_2,pvmdr1_3,pvmdr1_4,pvmdr1_5,PVP01_1014100,PSOP13,MB2,pvpi3k_1,pvpi3k_2,pvpi3k_4,pvpi3k_5,pvpi3k_6,pvpi3k_7,pvpi3k_10,pvpi3k_11,pvpi3k_12,pvpi3k_13,pvpi3k_14,CWC2,PVP01_1024100,PVP01_1027500,SUMO,MyoB,VPS11,TRAG18,PVP01_1101300,ERCC4,pvabc.e1_1,pvabc.e1_3,SRPR_alpha,PVP01_1107600,GCbeta_2,PIP1,PABP3,RAP,SOD2_1,SOD2_2,ROM10,PVP01_1131100,PVP01_1133200,PVP01_1136100,NUP637,PVP01_1140700,PVP01_1143300,PVP01_1144400,PVP01_1144900,PVP01_1147300,TRAG20,pvk13,RAD5,TRAP,MSP7_like,PVP01_1224500,PVP01_1226900,PVP01_1233500,HDA1,ATG12,KIN17,ApiAP2_1,RON11,GAPDH,FCP,FER2_1,FER2_2,RON2,PVP01_1256600,pvmdr2_1,pvmdr2_3,pvmdr2_5,pvmdr2_6,PVP01_1261200,PVP01_1261400,CLK1,NCS2,PVP01_1267700,PVP01_1270000,PVP01_1301600_1,PVP01_1301600_2,G37,PVP01_1308100,CIA1,PIGM,PVP01_1311000,PKG,PVP01_1315600,PVP01_1316900,LRR5,PVP01_1320900,PVP01_1323700,P113,PVP01_1329500,MCA3,PVP01_1335200,PVP01_1339900,ApiAP2_G2,PVP01_1344700,PVP01_1345500,CAPD2,PVP01_1401400,RBP2a_1,RBP2a_2,PVP01_1403000,CAPH,GCN1,PVP01_1406900,EMC7,PVP01_1413100_1,PVP01_1413100_2,TERT,PVP01_1415900,PVP01_1418900,PVP01_1421800,PVP01_1423300,PVP01_1427600,pvdhps_1,pvdhps_2,pvdhps_4,PPM5,PVP01_1430700,PIGO,PVP01_1434400,FRM2,PVP01_1438700,PVP01_1443400,PVP01_1444400,PVP01_1445500,PVP01_1446900,pvmrp2_1,pvmrp2_2,CG2_related,PWP1,ApiAP2_2,PVP01_1463400,PVP01_1464400,PVP01_1465800,PVP01_1467900,DRS1,PVP01_1469700,PVP01_MIT00200_500
Undetermined,.:395,117G142G:424_.:81_117G:59,.:658,NA,.:472_28G29T30G31G32A:232,44D=CCCCTTCCGCTTCCGTCCACTGGGCTGCCC:28966,.:179,.:127_14C63A:48,10G70T77A:1630_10G75G77A:186,.:15,66G:144,.:406_27T28T:179,62A:625_6T:379,158G:391,11G:187_.:118,.:112,.:150,18A:74,132C:101,30C41I=GTT:4195_30C41I=GTT152A:2201_30C41I=GTT176T:802,40C60G132A:37,34A:243_.:222,70I=GATCGCATCGCCCCCAATACTGCCA:10,.:1194,58T:84_.:68_64A:47,121C:1393_1G:379,102T:8,.:207,75G106C137A:61_23G:46,34D=T104C107T120A179G196G:61,80T:31,87T:185,NA,NA,163A169T:25,132A152T:420,.:11359,.:112,6C21G:37,NA,NA,69C128T:15,44C47C77C:118,15G:995,.:66,.:2187_58C61A:322,1A35C87T:273_35C87T89G95A:131,4T17T18C20A25G27C28A36A37A:84_.:26,57A:97,102T:955_45A51C:164,52C:279_52C134C:74,.:61,25A:188,.:18,.:849_66T:154_126T135T:152,79A:2152_.:703,NA,18C:1136_.:616,103A:450,.:163,.:173,NA,24C32G33T39C47G48T52G58A62C63C70C:296_24C32G33T39C47G48T:170,NA,2C152C:37,.:117_157G:110,.:2870,NA,.:46,.:3005,.:13,16G:163,.:14,NA,13I=AG:957,.:37_34A37G53C55T58T64T67G70G73T79C80C82G88A94C:26,38G50A56T57D=TATTTACTCGCT:62,NA,64G143A:559_64G:292,5C:47,81C92C122G:1085_81C122G:951_81C122C:254,.:831_64C137T146C:752_46C:380,27A:55,6C9C12A:6,81T:151,NA,52G82G138G143T:91,.:58_1D=ATATAGATA13D=AT16C17C19C21A22C27G28C30A32C34I=CC34C37I=AGAGTTG40A42I=GAAGC42C43T44C45C48A51C52G53C54T55T56C57C61C62G63A65G66G67G68G69A71A72G75A76C79C80C81G82G84G85T86G87A93G94C95C96C97T100G101C102C105T106A107C108C109T112D=TAGGATG125C126C127C130G131A132G134T135G136A143G145C146T148C149C150A151I=GAATCGTTGCCATTC156A157G158A159A160A164A165C169A170G171A174T175G177G179T180T181G184C185C190D=GAAAATA197C:9,4C56A57A:17,26C43A75G:25,53G:23,NA,4G76C85G:197_4G60C76C85G:107,78A:83,85T86T:1490_.:854,NA,.:324,51A53C55T58C59C66C71T77C:76,116G141C153D=T:187,33C119G120C129G:329,.:3075_137T:417,100C148T:36,69C:301,29C34A35T51T78T132A:100,13G24A31A32G38A42C57T70A84C112G:16_.:15,NA,16C:314_16C77C79A89D=AAAAA97T106G:151_77C79A89D=AAAAA97T106G:138,128C:27,.:48,9G:61,6A:163_44G:146,.:67,25T26C110C128G:16,.:1042,NA,57G149G:72,15G:590_.:398,15G70T:16,47G:662,110A:63,77C79A:46_28T:44,35A125T:13,2T:457_.:198,7A9T14T15T32C44C62C72G:87_44C62C:20,NA,11G29C38A:51_.:29,51C:477,25C37G:25,NA,47G:84,33C36C37T40G42A44T45C46D=G47C50G51G52C56G58C59C60T61A62G63T64G67C68T70G72G75G77D=GTA81G83C84C86C88I=ATGGCT90C94C95A96A97T99G103G105G106C107C108C109C111A112G113G114G115G119G120D=TC125G126A130T131C132C135D=T136G138G139G140C143C:11,.:526_24A:463,28A165T:24,.:24,21T:461_.:343,.:61,14G18A19G21C26T36C:8,.:906,31C:693,.:3035,.:8321,.:31,.:364,.:775_61G:689,9A18C21G24T86G97D=TCCCCCTGGGGTGCCGCT:173_18I=TGTGCGGAGATGCGTT18C21G24T86G97D=TCCCCCTGGGGTGCCGCT:127_18I=TGTGCGGAGATGCGTT18C21G24T:27,.:669_30T:602,.:273,26A:3178_.:928,1G2C6G7G9I=GGGGGTGCTGC9T13T15G18T19T20A21T24D=CGTTA30A32C36T37T39G41T42T43A49A50T51C53C54D=TGG58T61T62T64C65T67C69T70A72C73G74T76T78G79T83T84C85C88A89C90T92C94C95G96G97T100C101T103C106A107C108C109G110C113G114G115C119T121C123A124A:15_54D=TGGCGGGGC:10,NA,15C:148_15C52G:91,.:17455_33C43G:3768,.:72,.:86,83G:1110,88G:534,.:8,43T:42,NA,.:2342,.:5106,72A:20,147A151G152C:41,NA,NA,.:130,.:71,41C100T:36,NA,30T43G:888,NA,.:821,66C100T:92_1I=CACCTATCTGTACCGCCTATCTGTGCC66C100T:70_1I=ACCTATCTGTACCGCCTATCTGTGCCACCTATCTGTACCGCCTATCTGTGCC66C100T:10,2A28T:47,NA,.:40,10G48T:313_10G12T48T:226,118A120G122C129C133G135A:85,123G133A134C:62,NA,.:96,NA,136A137A:6,NA,NA,NA,.:222,47T63G:43,.:160,NA,44T108D=GGCAGCGGTGGCAAC:161_108D=GGCAGCGGTGGCAAC:78,NA,NA,.:48,NA,52T:30,NA,.:23,54A:842_60C:157,11T:491,.:384_29A:106,.:557,.:287,.:62,91A:8,NA,NA,.:11,100G106T:319_100G106T130T:153_.:113,139G:152,.:23,.:16,11G99G:475,.:644_24A84A:457_84A:203,101T116C:46,.:461,91T:10535_.:5865_21T91T:2236,.:12,71A:123,35A:4929_.:805,36C127T128C149G154T:147_36C127T154T:134,55G107A110A:6,92C:51,164A:63,60A87C139G:32,137A:52,NA,.:41,.:120,NA,NA,.:175,27C:151,30G:26,.:108,.:139,.:32,NA,.:123,23T:117,56C122T:20,1C12G81T:80,.:60,.:334,NA,175T:296_.:199,.:82,25G:36,.:771,NA,.:894_116C:413,1I=TTGTGTACATCCCTCATGTGTACATCCCTCA52T:70_52T:29,.:6,56G134T142I=AAACCCAGCGCGAGTACCAAAATGGAGGGCA:58_56G134T:37,.:874,25G31A60T64A:19811,60G69T:274_3C60G69T:97,.:337,NA,89C:26147,19G96C101G:6814_101G:1433,31C34A84T100C139G:7400_31C34A100C139G184A:2203_31C34A84T100C139G184A:858,23G69C:1477,NA,78C:68,.:836,49D=ACGACTGCTGCG:413,.:89,37C:275,NA,33A:13
Negative-ControlPlate,NA,NA,NA,NA,NA,NA,NA,NA,NA,NA,NA,NA,NA,NA,NA,NA,NA,NA,NA,NA,NA,NA,NA,NA,NA,NA,NA,NA,NA,NA,NA,NA,NA,NA,NA,NA,NA,NA,NA,NA,NA,NA,NA,NA,NA,NA,NA,NA,NA,NA,NA,NA,NA,NA,NA,NA,NA,NA,NA,NA,NA,NA,NA,NA,NA,NA,NA,NA,NA,NA,NA,NA,NA,NA,NA,NA,NA,NA,NA,NA,NA,NA,NA,NA,NA,NA,NA,NA,NA,NA,NA,NA,NA,NA,NA,NA,NA,NA,NA,NA,NA,NA,NA,NA,NA,NA,NA,NA,NA,NA,NA,NA,NA,NA,NA,NA,NA,NA,NA,NA,NA,NA,NA,NA,NA,NA,NA,NA,NA,NA,NA,NA,NA,NA,NA,NA,NA,NA,NA,NA,NA,NA,NA,NA,NA,NA,NA,NA,NA,NA,NA,NA,NA,NA,NA,NA,NA,NA,NA,NA,NA,NA,NA,NA,NA,NA,NA,NA,NA,NA,NA,NA,NA,NA,NA,NA,NA,NA,NA,NA,NA,NA,NA,NA,NA,NA,NA,NA,NA,NA,NA,NA,NA,NA,NA,NA,NA,NA,NA,NA,NA,NA,NA,NA,NA,NA,NA,NA,NA,NA,NA,NA,NA,NA,NA,NA,NA,NA,NA,NA,NA,NA,NA,NA,NA,NA,NA,NA,NA,NA,NA,NA,NA,NA,NA,NA,NA,NA,NA,NA,NA,NA,NA,NA,NA,NA,NA,NA,NA,NA,NA,NA,NA,NA,NA,NA,NA,NA,NA,NA,NA,NA,NA,NA,NA,NA,NA,NA,NA,NA,NA
Negative-Alt-sWGA-bc,NA,NA,NA,NA,NA,NA,NA,NA,NA,NA,NA,NA,NA,NA,NA,NA,NA,NA,NA,NA,NA,NA,NA,NA,NA,NA,NA,NA,NA,NA,NA,NA,NA,NA,NA,NA,NA,NA,NA,NA,NA,NA,NA,NA,NA,NA,NA,NA,NA,NA,NA,NA,NA,NA,NA,NA,NA,NA,NA,NA,NA,NA,NA,NA,NA,NA,NA,NA,NA,NA,NA,NA,NA,NA,NA,NA,NA,NA,NA,NA,NA,NA,NA,NA,NA,NA,NA,NA,NA,NA,NA,NA,NA,NA,NA,NA,NA,NA,NA,NA,NA,NA,NA,NA,NA,NA,NA,NA,NA,NA,NA,NA,NA,NA,NA,NA,NA,NA,NA,NA,NA,NA,NA,NA,NA,NA,NA,NA,NA,NA,NA,NA,NA,NA,NA,NA,NA,NA,NA,NA,NA,NA,NA,NA,NA,NA,NA,NA,NA,NA,NA,NA,NA,NA,NA,NA,NA,NA,NA,NA,NA,NA,NA,NA,NA,NA,NA,NA,NA,NA,NA,NA,NA,NA,NA,NA,NA,NA,NA,NA,NA,NA,NA,NA,NA,NA,NA,NA,NA,NA,NA,NA,NA,NA,NA,NA,NA,NA,NA,NA,NA,NA,NA,NA,NA,NA,NA,NA,NA,NA,NA,NA,NA,NA,NA,NA,NA,NA,NA,NA,NA,NA,NA,NA,NA,NA,NA,NA,NA,NA,NA,NA,NA,NA,NA,NA,NA,NA,NA,NA,NA,NA,NA,NA,NA,NA,NA,NA,NA,NA,NA,NA,NA,NA,NA,NA,NA,NA,NA,NA,NA,NA,NA,NA,NA,NA,NA,NA,NA,NA,NA
Negative-Alt-sWGA-Dilution,NA,NA,NA,NA,NA,NA,NA,NA,NA,NA,NA,NA,NA,NA,NA,NA,NA,NA,NA,NA,NA,NA,NA,NA,NA,NA,NA,NA,NA,NA,NA,NA,NA,NA,NA,NA,NA,NA,NA,NA,NA,NA,NA,NA,NA,NA,NA,NA,NA,NA,NA,NA,NA,NA,NA,NA,NA,NA,NA,NA,NA,NA,NA,NA,NA,NA,NA,NA,NA,NA,NA,NA,NA,NA,NA,NA,NA,NA,NA,NA,NA,NA,NA,NA,NA,NA,NA,NA,NA,NA,NA,NA,NA,NA,NA,NA,NA,NA,NA,NA,NA,NA,NA,NA,NA,NA,NA,NA,NA,NA,NA,NA,NA,NA,NA,NA,NA,NA,NA,NA,NA,NA,NA,NA,NA,NA,NA,NA,NA,NA,NA,NA,NA,NA,NA,NA,NA,NA,NA,NA,NA,NA,NA,NA,NA,NA,NA,NA,NA,NA,NA,NA,NA,NA,NA,NA,NA,NA,NA,NA,NA,NA,NA,NA,NA,NA,NA,NA,NA,NA,NA,NA,NA,NA,NA,NA,NA,NA,NA,NA,NA,NA,NA,NA,NA,NA,NA,NA,NA,NA,NA,NA,NA,NA,NA,NA,NA,NA,NA,NA,NA,NA,NA,NA,NA,NA,NA,NA,NA,NA,NA,NA,NA,NA,NA,NA,NA,NA,NA,NA,NA,NA,NA,NA,NA,NA,NA,NA,NA,NA,NA,NA,NA,NA,NA,NA,NA,NA,NA,NA,NA,NA,NA,NA,NA,NA,NA,NA,NA,NA,NA,NA,NA,NA,NA,NA,NA,NA,NA,NA,NA,NA,NA,NA,NA,NA,NA,NA,NA,NA,NA
Dd2-Control-Gates057,NA,NA,NA,NA,NA,NA,NA,NA,NA,NA,NA,NA,NA,NA,NA,NA,NA,NA,NA,NA,NA,NA,NA,NA,NA,NA,NA,NA,NA,NA,NA,NA,NA,NA,NA,NA,NA,NA,NA,NA,NA,NA,NA,NA,NA,NA,NA,NA,NA,NA,NA,NA,NA,NA,NA,NA,NA,NA,NA,NA,NA,NA,NA,NA,NA,NA,NA,NA,NA,NA,NA,NA,NA,NA,NA,NA,NA,NA,NA,NA,NA,NA,NA,NA,NA,NA,NA,NA,NA,NA,NA,NA,NA,NA,NA,NA,NA,NA,NA,NA,NA,NA,NA,NA,NA,NA,NA,NA,NA,NA,NA,NA,NA,NA,NA,NA,NA,NA,NA,NA,NA,NA,NA,NA,NA,NA,NA,NA,NA,NA,NA,NA,NA,NA,NA,NA,NA,NA,NA,NA,NA,NA,NA,NA,NA,NA,NA,NA,NA,NA,NA,NA,NA,NA,NA,NA,NA,NA,NA,NA,NA,NA,NA,NA,NA,NA,NA,NA,NA,NA,NA,NA,NA,NA,NA,NA,NA,NA,NA,NA,NA,NA,NA,NA,NA,NA,NA,NA,NA,NA,NA,NA,NA,NA,NA,NA,NA,NA,NA,NA,NA,NA,NA,NA,NA,NA,NA,NA,NA,NA,NA,NA,NA,NA,NA,NA,NA,NA,NA,NA,NA,NA,NA,NA,NA,NA,NA,NA,NA,NA,NA,NA,NA,NA,NA,NA,NA,NA,NA,NA,NA,NA,NA,NA,NA,NA,NA,NA,NA,NA,NA,NA,NA,NA,NA,NA,NA,NA,NA,NA,NA,NA,NA,NA,NA,NA,NA,NA,NA,NA,7G33A44A49T68T83G92T96A98D=A101A102T103A104C109C114D=T115A148A149T:17
Pv-Control-sWGA2-D02,120G:297,117G142G:1000,2G4G5A8A9A10A12T13G17T20A21A22A23G26G27A29T31G32A34A35T38A41C43D=ATTCGTA52G55I=GGTGAACC58C62G63G64G65T66C67C68A69A70A73T74T79G81A:324_69A:57,NA,.:438,31C81G:1251,159G:94,14C:67,10G75G77A:389,10T:31,66G:979,27T28T:572,6T:1210,158G:201,.:351,.:150,.:321,.:108,NA,NA,40C60G132A:89,.:523,NA,.:705,.:112,121C:254,18A151T:90,25T96G:354,23G45I=CGTTGGTGTACCCCGA75G106C137A:241,NA,NA,.:549,NA,NA,.:182,132A152T:144,2G:285,.:219,.:46,104T:60,96T102C:105,69C:315,44C47C121A:45,1T15G:255,.:7,58C61A:442,1A35C87T:121,4T17T18C20A25G27C28A36A37A:81,57A:46,102T:1696,52C:597,.:406,25A:92,.:78,.:421,.:758,.:24,.:1021,103A:199,.:109,147A:380,NA,1I=GCCGCTAATTTGGTTGCCGCTAATTTGGTT19I=CGCTAATTTGGTTGCC24C32G33T39C47G48T:141,2A76T92G95T97T:14,2C152C:604,157G:301,.:2209,93C:1303,.:44,.:600,109T:255,.:110,.:9,NA,14A:936,.:207_34A37G53C55T58T64T67G70G73T79C80C82G88A94C:139,NA,NA,64G:820,.:159,81C122C:600,70C:247,.:71,.:118,.:309,27G:264,52G82G138G143T:310,133C:343_1D=ATATAGATA13D=AT16C17C19C21A22C27G28C30A32C34I=CC34C37I=AGAGTTG40A42I=GAAGC42C43T44C45C48A51C52G53C54T55T56C57C61C62G63A65G66G67G68G69A71A72G75A76C79C80C81G82G84G85T86G87A93G94C95C96C97T100G101C102C105T106A107C108C109T112D=TAGGATG125C126C127C130G131A132G134T135G136A143G145C146T148C149C150A151I=GAATCGTTGCCATTC156A157G158A159A160A164A165C169A170G171A174T175G177G179T180T181G184C185C190D=GAAAATA197C:52,56A:114,26C43A:149,53G:111,47T:505,4G60C76C85G101A:346,.:174,NA,NA,.:91,67I=ATCAGCATCGCCTGGTTTC71T77C:20,116G153D=T:33,119G120C129G:38,.:1151,76T:505,.:447,29C34A35T51T78T132A:313,70A84C112G:106,NA,77C79A89D=AAAAA97T106G:389,128C:405,.:94,9G:138,6A:58,.:324,25T26C110C128G:63,.:90,NA,57G:36,.:229,15G137A:13,47G:443,44T:484,77C79A:16,35A96C:82,2T:640,44C62C:397,58A74G75A:20,.:338,43A51C:1692,1A25C37G:24,NA,47G:32,33C36C37T40G42A44T45C46D=G47C50G51G52C56G58C59C60T61A62G63T64G67C68T70G72G75G77D=GTA81G83C84C86C88I=ATGGCT90C94C95A96A97T99G103G105G106C107C108C109C111A112G113G114G115G119G120D=TC125G126A130T131C132C135D=T136G138G139G140C143C:472,24A:1152,165T:161,.:172,.:1320,.:355,14G18A19G21C26T36C37D=TTAGAAGCCAGAAACGGA:76,.:216,33G:425,.:379,31I=CTGCGGAAGCGCCCTT84T:2008,NA,.:384,61G:509,71D=GTGCCGCTTCCCCCTCGG:327,.:1596,NA,26A:2918,54D=TGGCGGGGC:82,NA,15C108G:8,.:295,.:172,.:90,83G:803,.:14413,.:169,36T:91,109G124G:140,.:2717,.:2951,.:215,147A151G152C:149,44T:17,NA,NA,.:230,35C41C100T:45,NA,30T43G:199,NA,NA,NA,NA,NA,.:25,10G48T:306,53G108D=GGCCAAGTGGGGAGGGGCCAAGTGGAGG136D=GC171G:40,123G133A134C:201,.:7,.:35,17G36A:313,136A137A:42,NA,NA,106A:11,.:209,47T:13,60T:526,NA,108D=GGCAGCGGTGGCAAC:281,.:25,NA,.:142,.:60,.:367,51C:63,.:175,NA,11T:403,29A:858,.:720,4C5G:123,104C:57,43A44A:38,.:20,NA,.:11,100G106T130T:2840,.:533,.:116,68A:76,11G63A99G:775,84A:3319,74T77A83C86C:3053,.:877,.:567,NA,71A:269,35A:1373,36C122C127T128C149G154T:143,NA,.:274,NA,60A87C139G:19,.:223,.:31,.:31,.:64,NA,NA,57G58A:605,27C71C:857,30G:180,104A:206,101T:275,81G95A106G:278,NA,113A:197,23T:616,56C71T124T:115,12G81T:103,80T81T:32,59I=CTTCGACCAAGAGGGTTACAAT:405,NA,.:276,15I=CCCGTTAGTCAGTTTGGAGTCA:134,25G:69,.:2158,NA,116C:386,NA,.:6,NA,.:3768,64A:977,3C60G69T:27,.:223,NA,89C:308,96C101G:563,31C34A100C139G184A:840,8C23G69C:1167,69I=TGGTTGGCGGCAC:92,.:97,69G:230,11C:1403,.:415,.:510,NA,33A:891
PCR-Control-D06-Gates058,NA,NA,NA,NA,NA,NA,NA,NA,NA,NA,NA,NA,NA,NA,NA,NA,NA,NA,NA,NA,NA,NA,NA,NA,NA,NA,NA,NA,NA,NA,NA,NA,NA,NA,NA,NA,NA,NA,NA,NA,NA,NA,NA,NA,NA,NA,NA,NA,NA,NA,NA,NA,NA,NA,NA,NA,NA,NA,NA,NA,NA,NA,NA,NA,NA,NA,NA,NA,NA,NA,NA,NA,NA,NA,NA,NA,NA,NA,NA,NA,NA,NA,NA,NA,NA,NA,NA,NA,NA,NA,NA,NA,NA,NA,NA,NA,NA,NA,NA,NA,NA,NA,NA,NA,NA,NA,NA,NA,NA,NA,NA,NA,NA,NA,NA,NA,NA,NA,NA,NA,NA,NA,NA,NA,NA,NA,NA,NA,NA,NA,NA,NA,NA,NA,NA,NA,NA,NA,NA,NA,NA,NA,NA,NA,NA,NA,NA,NA,NA,NA,NA,NA,NA,NA,NA,NA,NA,NA,NA,NA,NA,NA,NA,NA,NA,NA,NA,NA,NA,NA,NA,NA,NA,NA,NA,NA,NA,NA,NA,NA,NA,NA,NA,NA,NA,NA,NA,NA,NA,NA,NA,NA,NA,NA,NA,NA,NA,NA,NA,NA,NA,NA,NA,NA,NA,NA,NA,NA,NA,NA,NA,NA,NA,NA,NA,NA,NA,NA,NA,NA,NA,NA,NA,NA,NA,NA,NA,NA,NA,NA,NA,NA,NA,NA,NA,NA,NA,NA,NA,NA,NA,NA,NA,NA,NA,NA,NA,NA,NA,NA,NA,NA,NA,NA,NA,NA,NA,NA,NA,NA,NA,NA,NA,NA,NA,NA,NA,NA,NA,NA,NA
Negative-Control-Gates058,NA,NA,NA,NA,NA,NA,NA,NA,NA,NA,NA,NA,NA,NA,NA,NA,NA,NA,NA,NA,NA,NA,NA,NA,NA,NA,NA,NA,NA,NA,NA,NA,NA,NA,NA,NA,NA,NA,NA,NA,NA,NA,NA,NA,NA,NA,NA,NA,NA,NA,NA,NA,NA,NA,NA,NA,NA,NA,NA,NA,NA,NA,NA,NA,NA,NA,NA,NA,NA,NA,NA,NA,NA,NA,NA,NA,NA,NA,NA,NA,NA,NA,NA,NA,NA,NA,NA,NA,NA,NA,NA,NA,NA,NA,NA,NA,NA,NA,NA,NA,NA,NA,NA,NA,NA,NA,NA,NA,NA,NA,NA,NA,NA,NA,NA,NA,NA,NA,NA,NA,NA,NA,NA,NA,NA,NA,NA,NA,NA,NA,NA,NA,NA,NA,NA,NA,NA,NA,NA,NA,NA,NA,NA,NA,NA,NA,NA,NA,NA,NA,NA,NA,NA,NA,NA,NA,NA,NA,NA,NA,NA,NA,NA,NA,NA,NA,NA,NA,NA,NA,NA,NA,NA,NA,NA,NA,NA,NA,NA,NA,NA,NA,NA,NA,NA,NA,NA,NA,NA,NA,NA,NA,NA,NA,NA,NA,NA,NA,NA,NA,NA,NA,NA,NA,NA,NA,NA,NA,NA,NA,NA,NA,NA,NA,NA,NA,NA,NA,NA,NA,NA,NA,NA,NA,NA,NA,NA,NA,NA,NA,NA,NA,NA,NA,NA,NA,NA,NA,NA,NA,NA,NA,NA,NA,NA,NA,NA,NA,NA,NA,NA,NA,NA,NA,NA,NA,NA,NA,NA,NA,NA,NA,NA,NA,NA,NA,NA,NA,NA,NA,NA
PCR-Control-D06-Gates056,NA,NA,NA,NA,NA,NA,NA,NA,NA,NA,NA,NA,NA,NA,NA,NA,NA,NA,NA,NA,NA,NA,NA,NA,NA,NA,NA,NA,NA,NA,NA,NA,NA,NA,NA,NA,NA,NA,NA,NA,NA,NA,NA,NA,NA,NA,NA,NA,NA,NA,NA,NA,NA,NA,NA,NA,NA,NA,NA,NA,NA,NA,NA,NA,NA,NA,NA,NA,NA,NA,NA,NA,NA,NA,NA,NA,NA,NA,NA,NA,NA,NA,NA,NA,NA,NA,NA,NA,NA,NA,NA,NA,NA,NA,NA,NA,NA,NA,NA,NA,NA,NA,NA,NA,NA,NA,NA,NA,NA,NA,NA,NA,NA,NA,NA,NA,NA,NA,NA,NA,NA,NA,NA,NA,NA,NA,NA,NA,NA,NA,NA,NA,NA,NA,NA,NA,NA,NA,NA,NA,NA,NA,NA,NA,NA,NA,NA,NA,NA,NA,NA,NA,NA,NA,NA,NA,NA,NA,NA,NA,NA,NA,NA,NA,NA,NA,NA,NA,NA,NA,NA,NA,NA,NA,NA,NA,NA,NA,NA,NA,NA,NA,NA,NA,NA,NA,NA,NA,NA,NA,NA,NA,NA,NA,NA,NA,NA,NA,NA,NA,NA,NA,NA,NA,NA,NA,NA,NA,NA,NA,NA,NA,NA,NA,NA,NA,NA,NA,NA,NA,NA,NA,NA,NA,NA,NA,NA,NA,NA,NA,NA,NA,NA,NA,NA,NA,NA,NA,NA,NA,NA,NA,NA,NA,NA,NA,NA,NA,NA,NA,NA,NA,NA,NA,NA,NA,NA,NA,NA,NA,NA,NA,NA,NA,NA,NA,NA,NA,NA,NA,NA
Negative-Control-Gates057,NA,NA,NA,NA,NA,NA,NA,NA,NA,NA,NA,NA,NA,NA,NA,NA,NA,NA,NA,NA,NA,NA,NA,NA,NA,NA,NA,NA,NA,NA,NA,NA,NA,NA,NA,NA,NA,NA,NA,NA,NA,NA,NA,NA,NA,NA,NA,NA,NA,NA,NA,NA,NA,NA,NA,NA,NA,NA,NA,NA,NA,NA,NA,NA,NA,NA,NA,NA,NA,NA,NA,NA,NA,NA,NA,NA,NA,NA,NA,NA,NA,NA,NA,NA,NA,NA,NA,NA,NA,NA,NA,NA,NA,NA,NA,NA,NA,NA,NA,NA,NA,NA,NA,NA,NA,NA,NA,NA,NA,NA,NA,NA,NA,NA,NA,NA,NA,NA,NA,NA,NA,NA,NA,NA,NA,NA,NA,NA,NA,NA,NA,NA,NA,NA,NA,NA,NA,NA,NA,NA,NA,NA,NA,NA,NA,NA,NA,NA,NA,NA,NA,NA,NA,NA,NA,NA,NA,NA,NA,NA,NA,NA,NA,NA,NA,NA,NA,NA,NA,NA,NA,NA,NA,NA,NA,NA,NA,NA,NA,NA,NA,NA,NA,NA,NA,NA,NA,NA,NA,NA,NA,NA,NA,NA,NA,NA,NA,NA,NA,NA,NA,NA,NA,NA,NA,NA,NA,NA,NA,NA,NA,NA,NA,NA,NA,NA,NA,NA,NA,NA,NA,NA,NA,NA,NA,NA,NA,NA,NA,NA,NA,NA,NA,NA,NA,NA,NA,NA,NA,NA,NA,NA,NA,NA,NA,NA,NA,NA,NA,NA,NA,NA,NA,NA,NA,NA,NA,NA,NA,NA,NA,NA,NA,NA,NA,NA,NA,NA,NA,NA,NA
Negative-Control-Venez005,NA,NA,NA,NA,NA,NA,NA,NA,NA,NA,NA,NA,NA,NA,NA,NA,NA,NA,NA,NA,NA,NA,NA,NA,NA,NA,NA,NA,NA,NA,NA,NA,NA,NA,NA,NA,NA,NA,NA,NA,NA,NA,NA,NA,NA,NA,NA,NA,NA,NA,NA,NA,NA,NA,NA,NA,NA,NA,NA,NA,NA,NA,NA,NA,NA,NA,NA,NA,NA,NA,NA,NA,NA,NA,NA,NA,NA,NA,NA,NA,NA,NA,NA,NA,NA,NA,NA,NA,NA,NA,NA,NA,NA,NA,NA,NA,NA,NA,NA,NA,NA,NA,NA,NA,NA,NA,NA,NA,NA,NA,NA,NA,NA,NA,NA,NA,NA,NA,NA,NA,NA,NA,NA,NA,NA,NA,NA,NA,NA,NA,NA,NA,NA,NA,NA,NA,NA,NA,NA,NA,NA,NA,NA,NA,NA,NA,NA,NA,NA,NA,NA,NA,NA,NA,NA,NA,NA,NA,NA,NA,NA,NA,NA,NA,NA,NA,NA,NA,NA,NA,NA,NA,NA,NA,NA,NA,NA,NA,NA,NA,NA,NA,NA,NA,NA,NA,NA,NA,NA,NA,NA,NA,NA,NA,NA,NA,NA,NA,NA,NA,NA,NA,NA,NA,NA,NA,NA,NA,NA,NA,NA,NA,NA,NA,NA,NA,NA,NA,NA,NA,NA,NA,NA,NA,NA,NA,NA,NA,NA,NA,NA,NA,NA,NA,NA,NA,NA,NA,NA,NA,NA,NA,NA,NA,NA,NA,NA,NA,NA,NA,NA,NA,NA,NA,NA,NA,NA,NA,NA,NA,NA,NA,NA,NA,NA,NA,NA,NA,NA,NA,NA
Dd2-Control-Gates058,NA,NA,NA,NA,NA,NA,NA,NA,NA,NA,NA,NA,NA,NA,NA,NA,NA,NA,NA,NA,NA,NA,NA,NA,NA,NA,NA,NA,NA,NA,NA,NA,NA,NA,NA,NA,NA,NA,NA,NA,NA,NA,NA,NA,NA,NA,NA,NA,NA,NA,NA,NA,NA,NA,NA,NA,NA,NA,NA,NA,NA,NA,NA,NA,NA,NA,NA,NA,NA,NA,NA,NA,NA,NA,NA,NA,NA,NA,NA,NA,NA,NA,NA,NA,NA,NA,NA,NA,NA,NA,NA,NA,NA,NA,NA,NA,NA,NA,NA,NA,NA,NA,NA,NA,NA,NA,NA,NA,NA,NA,NA,NA,NA,NA,NA,NA,NA,NA,NA,NA,NA,NA,NA,NA,NA,NA,NA,NA,NA,NA,NA,NA,NA,NA,NA,NA,NA,NA,NA,NA,NA,NA,NA,NA,NA,NA,NA,NA,NA,NA,NA,NA,NA,NA,NA,NA,NA,NA,NA,NA,NA,NA,NA,NA,NA,NA,NA,NA,NA,NA,NA,NA,NA,NA,NA,NA,NA,NA,NA,NA,NA,NA,NA,NA,NA,NA,NA,NA,NA,NA,NA,NA,NA,NA,NA,NA,NA,NA,NA,NA,NA,NA,NA,NA,NA,NA,NA,NA,NA,NA,NA,NA,NA,NA,NA,NA,NA,NA,NA,NA,NA,NA,NA,NA,NA,NA,NA,NA,NA,NA,NA,NA,NA,NA,NA,NA,NA,NA,NA,NA,NA,NA,NA,NA,NA,NA,NA,NA,NA,NA,NA,NA,NA,NA,NA,NA,NA,NA,NA,NA,NA,NA,NA,NA,NA,NA,NA,NA,NA,NA,NA
PCR-Control-Venez005,NA,NA,NA,NA,NA,NA,NA,NA,NA,NA,NA,NA,NA,NA,NA,NA,NA,NA,NA,NA,NA,NA,NA,NA,NA,NA,NA,NA,NA,NA,NA,NA,NA,NA,NA,NA,NA,NA,NA,NA,NA,NA,NA,NA,NA,NA,NA,NA,NA,NA,NA,NA,NA,NA,NA,NA,NA,NA,NA,NA,NA,NA,NA,NA,NA,NA,NA,NA,NA,NA,NA,NA,NA,NA,NA,NA,NA,NA,NA,NA,NA,NA,NA,NA,NA,NA,NA,NA,NA,NA,NA,NA,NA,NA,NA,NA,NA,NA,NA,NA,NA,NA,NA,NA,NA,NA,NA,NA,NA,NA,NA,NA,NA,NA,NA,NA,NA,NA,NA,NA,NA,NA,NA,NA,NA,NA,NA,NA,NA,NA,NA,NA,NA,NA,NA,NA,NA,NA,NA,NA,NA,NA,NA,NA,NA,NA,NA,NA,NA,NA,NA,NA,NA,NA,NA,NA,NA,NA,NA,NA,NA,NA,NA,NA,NA,NA,NA,NA,NA,NA,NA,NA,NA,NA,NA,NA,NA,NA,NA,NA,NA,NA,NA,NA,NA,NA,NA,NA,NA,NA,NA,NA,NA,NA,NA,NA,NA,NA,NA,NA,NA,NA,NA,NA,NA,NA,NA,NA,NA,NA,NA,NA,NA,NA,NA,NA,NA,NA,NA,NA,NA,NA,NA,NA,NA,NA,NA,NA,NA,NA,NA,NA,NA,NA,NA,NA,NA,NA,NA,NA,NA,NA,NA,NA,NA,NA,NA,NA,NA,NA,NA,NA,NA,NA,NA,NA,NA,NA,NA,NA,NA,NA,NA,NA,NA,NA,NA,NA,NA,NA,NA
PCR-Control-Gates070,NA,NA,NA,NA,NA,NA,NA,NA,NA,NA,NA,NA,NA,NA,NA,NA,NA,NA,NA,NA,NA,NA,NA,NA,NA,NA,NA,NA,NA,NA,NA,NA,NA,NA,NA,NA,NA,NA,NA,NA,NA,NA,NA,NA,NA,NA,NA,NA,NA,NA,NA,NA,NA,NA,NA,NA,NA,NA,NA,NA,NA,NA,NA,NA,NA,NA,NA,NA,NA,NA,NA,NA,NA,NA,NA,NA,NA,NA,NA,NA,NA,NA,NA,NA,NA,NA,NA,NA,NA,NA,NA,NA,NA,NA,NA,NA,NA,NA,NA,NA,NA,NA,NA,NA,NA,NA,NA,NA,NA,NA,NA,NA,NA,NA,NA,NA,NA,NA,NA,NA,NA,NA,NA,NA,NA,NA,NA,NA,NA,NA,NA,NA,NA,NA,NA,NA,NA,NA,NA,NA,NA,NA,NA,NA,NA,NA,NA,NA,NA,NA,NA,NA,NA,NA,NA,NA,NA,NA,NA,NA,NA,NA,NA,NA,NA,NA,NA,NA,NA,NA,NA,NA,NA,NA,NA,NA,NA,NA,NA,NA,NA,NA,NA,NA,NA,NA,NA,NA,NA,NA,NA,NA,NA,NA,NA,NA,NA,NA,NA,NA,NA,NA,NA,NA,NA,NA,NA,NA,NA,NA,NA,NA,NA,NA,NA,NA,NA,NA,NA,NA,NA,NA,NA,NA,NA,NA,NA,NA,NA,NA,NA,NA,NA,NA,NA,NA,NA,NA,NA,NA,NA,NA,NA,NA,NA,NA,NA,NA,NA,NA,NA,NA,NA,NA,NA,NA,NA,NA,NA,NA,NA,NA,NA,NA,NA,NA,NA,NA,NA,NA,NA
PCR-Control-G09-Gates056,NA,NA,NA,NA,NA,NA,NA,NA,NA,NA,NA,NA,NA,NA,NA,NA,NA,NA,NA,NA,NA,NA,NA,NA,NA,NA,NA,NA,NA,NA,NA,NA,NA,NA,NA,NA,NA,NA,NA,NA,NA,NA,NA,NA,NA,NA,NA,NA,NA,NA,NA,NA,NA,NA,NA,NA,NA,NA,NA,NA,NA,NA,NA,NA,NA,NA,NA,NA,NA,NA,NA,NA,NA,NA,NA,NA,NA,NA,NA,NA,NA,NA,NA,NA,NA,NA,NA,NA,NA,NA,NA,NA,NA,NA,NA,NA,NA,NA,NA,NA,NA,NA,NA,NA,NA,NA,NA,NA,NA,NA,NA,NA,NA,NA,NA,NA,NA,NA,NA,NA,NA,NA,NA,NA,NA,NA,NA,NA,NA,NA,NA,NA,NA,NA,NA,NA,NA,NA,NA,NA,NA,NA,NA,NA,NA,NA,NA,NA,NA,NA,NA,NA,NA,NA,NA,NA,NA,NA,NA,NA,NA,NA,NA,NA,NA,NA,NA,NA,NA,NA,NA,NA,NA,NA,NA,NA,NA,NA,NA,NA,NA,NA,NA,NA,NA,NA,NA,NA,NA,NA,NA,NA,NA,NA,NA,NA,NA,NA,NA,NA,NA,NA,NA,NA,NA,NA,NA,NA,NA,NA,NA,NA,NA,NA,NA,NA,NA,NA,NA,NA,NA,NA,NA,NA,NA,NA,NA,NA,NA,NA,NA,NA,NA,NA,NA,NA,NA,NA,NA,NA,NA,NA,NA,NA,NA,NA,NA,NA,NA,NA,NA,NA,NA,NA,NA,NA,NA,NA,NA,NA,NA,NA,NA,NA,NA,NA,NA,NA,NA,NA,NA
PCR-Control-G09-Gates057,NA,NA,NA,NA,NA,NA,NA,NA,NA,NA,NA,NA,NA,NA,NA,NA,NA,NA,NA,NA,NA,NA,NA,NA,NA,NA,NA,NA,NA,NA,NA,NA,NA,NA,NA,NA,NA,NA,NA,NA,NA,NA,NA,NA,NA,NA,NA,NA,NA,NA,NA,NA,NA,NA,NA,NA,NA,NA,NA,NA,NA,NA,NA,NA,NA,NA,NA,NA,NA,NA,NA,NA,NA,NA,NA,NA,NA,NA,NA,NA,NA,NA,NA,NA,NA,NA,NA,NA,NA,NA,NA,NA,NA,NA,NA,NA,NA,NA,NA,NA,NA,NA,NA,NA,NA,NA,NA,NA,NA,NA,NA,NA,NA,NA,NA,NA,NA,NA,NA,NA,NA,NA,NA,NA,NA,NA,NA,NA,NA,NA,NA,NA,NA,NA,NA,NA,NA,NA,NA,NA,NA,NA,NA,NA,NA,NA,NA,NA,NA,NA,NA,NA,NA,NA,NA,NA,NA,NA,NA,NA,NA,NA,NA,NA,NA,NA,NA,NA,NA,NA,NA,NA,NA,NA,NA,NA,NA,NA,NA,NA,NA,NA,NA,NA,NA,NA,NA,NA,NA,NA,NA,NA,NA,NA,NA,NA,NA,NA,NA,NA,NA,NA,NA,NA,NA,NA,NA,NA,NA,NA,NA,NA,NA,NA,NA,NA,NA,NA,NA,NA,NA,NA,NA,NA,NA,NA,NA,NA,NA,NA,NA,NA,NA,NA,NA,NA,NA,NA,NA,NA,NA,NA,NA,NA,NA,NA,NA,NA,NA,NA,NA,NA,NA,NA,NA,NA,NA,NA,NA,NA,NA,NA,NA,NA,NA,NA,NA,NA,NA,NA,NA
PCR-Control-G09-Gates058,NA,NA,NA,NA,NA,NA,NA,NA,NA,NA,NA,NA,NA,NA,NA,NA,NA,NA,NA,NA,NA,NA,NA,NA,NA,NA,NA,NA,NA,NA,NA,NA,NA,NA,NA,NA,NA,NA,NA,NA,NA,NA,NA,NA,NA,NA,NA,NA,NA,NA,NA,NA,NA,NA,NA,NA,NA,NA,NA,NA,NA,NA,NA,NA,NA,NA,NA,NA,NA,NA,NA,NA,NA,NA,NA,NA,NA,NA,NA,NA,NA,NA,NA,NA,NA,NA,NA,NA,NA,NA,NA,NA,NA,NA,NA,NA,NA,NA,NA,NA,NA,NA,NA,NA,NA,NA,NA,NA,NA,NA,NA,NA,NA,NA,NA,NA,NA,NA,NA,NA,NA,NA,NA,NA,NA,NA,NA,NA,NA,NA,NA,NA,NA,NA,NA,NA,NA,NA,NA,NA,NA,NA,NA,NA,NA,NA,NA,NA,NA,NA,NA,NA,NA,NA,NA,NA,NA,NA,NA,NA,NA,NA,NA,NA,NA,NA,NA,NA,NA,NA,NA,NA,NA,NA,NA,NA,NA,NA,NA,NA,NA,NA,NA,NA,NA,NA,NA,NA,NA,NA,NA,NA,NA,NA,NA,NA,NA,NA,NA,NA,NA,NA,NA,NA,NA,NA,NA,NA,NA,NA,NA,NA,NA,NA,NA,NA,NA,NA,NA,NA,NA,NA,NA,NA,NA,NA,NA,NA,NA,NA,NA,NA,NA,NA,NA,NA,NA,NA,NA,NA,NA,NA,NA,NA,NA,NA,NA,NA,NA,NA,NA,NA,NA,NA,NA,NA,NA,NA,NA,NA,NA,NA,NA,NA,NA,NA,NA,NA,NA,NA,NA
PCR-Control-D06-Gates057,NA,NA,NA,NA,NA,NA,NA,NA,NA,NA,NA,NA,NA,NA,NA,NA,NA,NA,NA,NA,NA,NA,NA,NA,NA,NA,NA,NA,NA,NA,NA,NA,NA,NA,NA,NA,NA,NA,NA,NA,NA,NA,NA,NA,NA,NA,NA,NA,NA,NA,NA,NA,NA,NA,NA,NA,NA,NA,NA,NA,NA,NA,NA,NA,NA,NA,NA,NA,NA,NA,NA,NA,NA,NA,NA,NA,NA,NA,NA,NA,NA,NA,NA,NA,NA,NA,NA,NA,NA,NA,NA,NA,NA,NA,NA,NA,NA,NA,NA,NA,NA,NA,NA,NA,NA,NA,NA,NA,NA,NA,NA,NA,NA,NA,NA,NA,NA,NA,NA,NA,NA,NA,NA,NA,NA,NA,NA,NA,NA,NA,NA,NA,NA,NA,NA,NA,NA,NA,NA,NA,NA,NA,NA,NA,NA,NA,NA,NA,NA,NA,NA,NA,NA,NA,NA,NA,NA,NA,NA,NA,NA,NA,NA,NA,NA,NA,NA,NA,NA,NA,NA,NA,NA,NA,NA,NA,NA,NA,NA,NA,NA,NA,NA,NA,NA,NA,NA,NA,NA,NA,NA,NA,NA,NA,NA,NA,NA,NA,NA,NA,NA,NA,NA,NA,NA,NA,NA,NA,NA,NA,NA,NA,NA,NA,NA,NA,NA,NA,NA,NA,NA,NA,NA,NA,NA,NA,NA,NA,NA,NA,NA,NA,NA,NA,NA,NA,NA,NA,NA,NA,NA,NA,NA,NA,NA,NA,NA,NA,NA,NA,NA,NA,NA,NA,NA,NA,NA,NA,NA,NA,NA,NA,NA,NA,NA,NA,NA,NA,NA,NA,NA
Region9-PCR-Control,NA,NA,NA,NA,NA,NA,NA,NA,NA,NA,NA,NA,NA,NA,NA,NA,NA,NA,NA,NA,NA,NA,NA,NA,NA,NA,NA,NA,NA,NA,NA,NA,NA,NA,NA,NA,NA,NA,NA,NA,NA,NA,NA,NA,NA,NA,NA,NA,NA,NA,NA,NA,NA,NA,NA,NA,NA,NA,NA,NA,NA,NA,NA,NA,NA,NA,NA,NA,NA,NA,NA,NA,NA,NA,NA,NA,NA,NA,NA,NA,NA,NA,NA,NA,NA,NA,NA,NA,NA,NA,NA,NA,NA,NA,NA,NA,NA,NA,NA,NA,NA,NA,NA,NA,NA,NA,NA,NA,NA,NA,NA,NA,NA,NA,NA,NA,NA,NA,NA,NA,NA,NA,NA,NA,NA,NA,NA,NA,NA,NA,NA,NA,NA,NA,NA,NA,NA,NA,NA,NA,NA,NA,NA,NA,NA,NA,NA,NA,NA,NA,NA,NA,NA,NA,NA,NA,NA,NA,NA,NA,NA,NA,NA,NA,NA,NA,NA,NA,NA,NA,NA,NA,NA,NA,NA,NA,NA,NA,NA,NA,NA,NA,NA,NA,NA,NA,NA,NA,NA,NA,NA,NA,NA,NA,NA,NA,NA,NA,NA,NA,NA,NA,NA,NA,NA,NA,NA,NA,NA,NA,NA,NA,NA,NA,NA,NA,NA,NA,NA,NA,NA,NA,NA,NA,NA,NA,NA,NA,NA,NA,NA,NA,NA,NA,NA,NA,NA,NA,NA,NA,NA,NA,NA,NA,NA,NA,NA,NA,NA,NA,NA,NA,NA,NA,NA,NA,NA,NA,NA,NA,NA,NA,NA,NA,NA,NA,NA,NA,NA,NA,NA
Negative-Control-Gates070,NA,NA,NA,NA,NA,NA,NA,NA,NA,NA,NA,NA,NA,NA,NA,NA,NA,NA,NA,NA,NA,NA,NA,NA,NA,NA,NA,NA,NA,NA,NA,NA,NA,NA,NA,NA,NA,NA,NA,NA,NA,NA,NA,NA,NA,NA,NA,NA,NA,NA,NA,NA,NA,NA,NA,NA,NA,NA,NA,NA,NA,NA,NA,NA,NA,NA,NA,NA,NA,NA,NA,NA,NA,NA,NA,NA,NA,NA,NA,NA,NA,NA,NA,NA,NA,NA,NA,NA,NA,NA,NA,NA,NA,NA,NA,NA,NA,NA,NA,NA,NA,NA,NA,NA,NA,NA,NA,NA,NA,NA,NA,NA,NA,NA,NA,NA,NA,NA,NA,NA,NA,NA,NA,NA,NA,NA,NA,NA,NA,NA,NA,NA,NA,NA,NA,NA,NA,NA,NA,NA,NA,NA,NA,NA,NA,NA,NA,NA,NA,NA,NA,NA,NA,NA,NA,NA,NA,NA,NA,NA,NA,NA,NA,NA,NA,NA,NA,NA,NA,NA,NA,NA,NA,NA,NA,NA,NA,NA,NA,NA,NA,NA,NA,NA,NA,NA,NA,NA,NA,NA,NA,NA,NA,NA,NA,NA,NA,NA,NA,NA,NA,NA,NA,NA,NA,NA,NA,NA,NA,NA,NA,NA,NA,NA,NA,NA,NA,NA,NA,NA,NA,NA,NA,NA,NA,NA,NA,NA,NA,NA,NA,NA,NA,NA,NA,NA,NA,NA,NA,NA,NA,NA,NA,NA,NA,NA,NA,NA,NA,NA,NA,NA,NA,NA,NA,NA,NA,NA,NA,NA,NA,NA,NA,NA,NA,NA,NA,NA,NA,NA,NA
Negative-Control-Gates056,NA,NA,NA,NA,NA,NA,NA,NA,NA,NA,NA,NA,NA,NA,NA,NA,NA,NA,NA,NA,NA,NA,NA,NA,NA,NA,NA,NA,NA,NA,NA,NA,NA,NA,NA,NA,NA,NA,NA,NA,NA,NA,NA,NA,NA,NA,NA,NA,NA,NA,NA,NA,NA,NA,NA,NA,NA,NA,NA,NA,NA,NA,NA,NA,NA,NA,NA,NA,NA,NA,NA,NA,NA,NA,NA,NA,NA,NA,NA,NA,NA,NA,NA,NA,NA,NA,NA,NA,NA,NA,NA,NA,NA,NA,NA,NA,NA,NA,NA,NA,NA,NA,NA,NA,NA,NA,NA,NA,NA,NA,NA,NA,NA,NA,NA,NA,NA,NA,NA,NA,NA,NA,NA,NA,NA,NA,NA,NA,NA,NA,NA,NA,NA,NA,NA,NA,NA,NA,NA,NA,NA,NA,NA,NA,NA,NA,NA,NA,NA,NA,NA,NA,NA,NA,NA,NA,NA,NA,NA,NA,NA,NA,NA,NA,NA,NA,NA,NA,NA,NA,NA,NA,NA,NA,NA,NA,NA,NA,NA,NA,NA,NA,NA,NA,NA,NA,NA,NA,NA,NA,NA,NA,NA,NA,NA,NA,NA,NA,NA,NA,NA,NA,NA,NA,NA,NA,NA,NA,NA,NA,NA,NA,NA,NA,NA,NA,NA,NA,NA,NA,NA,NA,NA,NA,NA,NA,NA,NA,NA,NA,NA,NA,NA,NA,NA,NA,NA,NA,NA,NA,NA,NA,NA,NA,NA,NA,NA,NA,NA,NA,NA,NA,NA,NA,NA,NA,NA,NA,NA,NA,NA,NA,NA,NA,NA,NA,NA,NA,NA,NA,NA
